index	sequence	spouse	year	relative
0	1	Elizabeth Gibbes	1796	
1	1	Mary Pearce	1786	
8	1	Mary Anne Menzies	1767	
12	1	Charlotte Warren	1768	
16	1	Ldy. Christiana Harriet Caroline Fox Strangways	1770	
18	1	Mary Anne Acton	1800	
19	1	Ldy. Caroline Keppel	1758	
29	1	Charlotte Middleton	1716	
32	1	Ldy. Caroline Spencer	1792	
36	1	Marion Lawson	1707	
43	1	Magdalen Calandrini of Geneva	1748	
47	1	Anne Craufurd	1774	
48	1	Isobel Innes	1723	
55	1	Catherine Shadwell	1737	
58	1	Mary Johnston	1775	
63	1	Jane Allgood	1739	
72	1	Hon. Sarah Archer	1800	
72	2	Ldy. Mary Sackville	1839	
73	1	3rd D. of Ancaster	1750	
79	1	Ldy. Mary Finch	1736	
83	1	Amelia Lock	1799	
86	1	Sophia Fairholm	1682	
86	2	Charlotte van Lore	1718	
87	1	Anne Lambert	1771	
88	1	Ldy. Anne Beresford	1738	
92	1	Ldy. Anne Margaret Coke	1794	
94	1	Ldy. Margaret Carmichael	1717	
95	1	Janet Fall	1750	
98	1	Georgiana Lennox	1789	
100	1	Alicia Mann		
100	2	Hannah Greenleaf		
105	1	Catherine Leigh	1777	
107	1	Elizabeth Dashwood	1693	
108	1	Sarah West	1761	
110	1	Catherine Tipping	1726	
112	1		1766	
115	1	Mary Brown	1701	
115	2	Jane Warburton	1717	
116	1	Elizabeth Gunning	1759	
118	1		1796	
119	1	Charles James Fox	1795	
130	1	Elizabeth  Everard	1716	
130	2	Ldy. Anne Herbert	1729	
131	1	Mary Bellings-Arundell	1739	
132	1	Mary Conquest	1763	
133	1	Ldy. Frances Manners	1732	
137	1	Elizabeth Crowley	1756	
141	1	Lettice	1786	
143	1	Sir Edward Astley	1759	
145	1	Mary Prynce	1711	
146	1		1756	
146	2	Ldy. Dukinfield-Daniell	1759	
146	3	Mary Wagstaffe	1778	
148	1	Catherine Dicconson	1758	
156	1	Mary Colebrooke	1771	
156	2	Martha Carter	1783	
158	1	Marianna Lockhart	1791	
159	1	Arabella Bate	1746	
160	1	Ldy. Augusta Murray (c.1762-1830	1793	
161	1	Elizabeth Bridges	1791	
165	1	Lucy Norris	1726	
178	1	Frances	1783	
180	1	Hon. Elizabeth St John	1760	
184	1	Ldy. Grisell Hume	1691	
185	1	Eliza Andrews	1759	
186	1	Mary Pringle	1801	
187	1	George Baillie	1691	
200	1	Elizabeth Allgood		
201	1	Ldy. Florence Cole	1797	
204	1	Jane Thornton	1784	
207	1	Capt. Ball		
207	2	Adml. Sir Edward Hughes KB		
207	3	Samuel Humphrey [Homfrey]	1793	
212	1	4th B. Baltimore [I]	1699	
212	2	Christopher Crowe	1715	
213	1	Mary Janssen	1730	
214	1	Ldy. Diana Egerton	1753	
217	1	Sir Charles Warwick Bampfylde	1776	
218	1	Catherine Moore	1776	
220	1	Frances Woodley	1784	
221	1	Maryanne Bunney	1779	
222	1	Elizabeth Hooton	1766	
230	1	Jean Barclay		
240	1	Priscilla Jones	1803	
241	1	Flora Robin	1763	
241	2		1776	
244	1	Anne Skrine	1733	
244	2	Elizabeth Owen		
248	1	Ldy. Elizabeth Holles	1676	
250	1	Ldy. Katherine Powlett	1787	his cos.
250	2	Elizabeth Russell	1813	
252	1	Elizabeth Elwick	1745	
252	2	Mary Thornhill	1752	
259	1	Anna Maria Pratt	1739	
261	1	Mary Lovell	1740	
271	1	Ldy. Emily Stanhope	1767	
277	1	Frances Susanna Coxe	1780	
277	2	Harriet Lemon	1824	
280	1	Ldy. Anne Spencer	1720	
287	1	Gen. Sir James Murray	1794	
291	1	Finetta Poole	1714	
291	2	Catherine Brodrick	1741	
292	1	Ldy. Elizabeth Bruce	1732	
293	1	Leonora-Maria How	1709	
293	2	Ldy. Selina Shirley	1720	
306	1		1788	
313	1	Hon. Alice Windsor	1768	
313	2	Hon. Isabella Ingram Shepheard	1776	
316	1	Mary Palmer	1778	
317	1	Catherine Newton		
318	1	Ldy. Catherine Ponsonby	1763	
319	2	Louisa Manners	1802	
319	1	Jane Moses	1788	
320	1	Emily Ogilvie	1799	
322	1	Ldy. Diana Spencer	1768	
323	1	Mary Chambers	1736	
324	1	4th D. of Beaufort	1740	
325	1	Hon. Frances Scudamore	1729	
326	1	Elizabeth Jenks	1773	
329	1	Margaret Willes	1778	
330	1	Diana Wentworth Blackett who suc. to Hexham Abbey	1792	
332	1	Louisa Pitt	1773	
334	1	Ldy. Margaret Gordon (d. 1786	1783	
335	1	Dorothy Sawbridge	1758	
340	1	Ldy. Elizabeth Boyle	1719	
341	1	Susanna Clervet of Pontoise	1744	
347	1	Ldy. Eleanor Egerton	1794	
352	1	Ldy. Anne Maxwell	1731	
352	2	Mary Fitzgerald	1737	
352	3	Ldy. Henrietta Lee	1749	
357	1	B. Belfield [I] see Robert Rochfort	1736	
366	1	John Abbot DD		
366	2	Jeremiah Bentham (d. 1792		
367	1	Mary Davies	1753	
368	1	Cts. Charlotte Sophie of Oldenburg		
376	1	4th E. of Berkeley	1744	
376	2	1st E. Nugent [I]	1757	
377	1	Mary Cole	1796	
378	1	Anne Forster	1728	
380	1	Elizabeth -		
382	1	Matthys Lestevenon van Berkenrode	1741	
393	1	Elizabeth Seton	1762	
395	1	4th E. of Cholmondeley	1791	
397	1	Miss Hutchins	1790	
398	1	Anna Collins	1727	
401	1	Noel Hill who was cr. B. Berwick 1784	1768	
402	1	Ldy. Honora de Burgh	1695	
402	2	Anne Bulkeley	1700	
403	1	Sophia Dubochet	1812	
406	1	Anne Cope		
411	1		1772	
412	1	James Billington	1783	
412	2	Felissent or Felican	1798	
413	1	Elizabeth Weichsell	1783	
419	1	Rachel Baillie	1715	
429	1	Phoebe		
434	1	Harriet Anne Southwell	1782	
440	1	Ireland Green	1753	
443	1	Mary Ann Keene	1801	
445	1	Elizabeth Herne	1697	
448	1	Anne Shakespear	1777	
449	1	Charles Blair		
451	1	Grisel Main		
462	1		1718	
463	1		1747	
465	1	Mary Stoyte	1766	
468	1	Sarah Thornhill	1762	
468	2	Lucretia Offley	1772	
473	1	Miss Cotham		
474	1	Sir Walter Blount	1766	her cos.
475	1	Elizabeth Mostyn	1760	
479	1	3rd Vct. Bolingbroke	1783	
480	1	Ldy. Diana Spencer	1757	
487	1	Anne Evelyn	1736	
490	1	Susanna Bristoe	1784	
495	1	Ldy. Augusta Fane	1804	
495	2	Frances Talbot	1809	
500	1	Mary	1733	
501	1	Eleanor Hunter	1767	
506	1	Diana Wentworth	1739	
507	1	Miss Wilson		
509	1	Margaret Montgomerie	1769	
510	1	Anne Goodwin		
513	1	Catherine Hall	1782	
515	1	Mary Bellwood	1724	
520	1	Harriet Fawkener	1764	
524	1	Mrs Trevennon	1806	
526	1	Sarah Bowdoin	1781	
527	1	niece of Bp. William Nicolson	1749	
536	1	Mary Bamstead of Upton		
536	2	Catherine Chapone		
540	1	dau. of Bp. Benjamin Hoadly		
541	1	Sarah Hyde	1798	
544	1	Ldy. Elizabeth Churchill	1703	
544	2	Ldy. Rachel Russell	1722	
547	1		1790s	
547	2	Miss Adham	1800	
549	1	Miss Bolton	1816	
553	1	Ldy. Caroline Pierrepont	1749	
555	1	Gertrude Roper	1771	
557	1	Barbarina Ogle	1819	
559	1	Frances Hawksworth	1794	
562	1	Mary Turner Gavin	1793	
572	1	Susanna Barker		
573	1	Fanny Fowler	1765	
579	1	Vct. Brackley	1722	
579	2	Sir Richard Lyttelton	1745	
587	1	Elizabeth Davers	1752	
591	1	Susannah Phillipson	1746	
591	2	Mary Harding		
598	1	Ldy. Mary Capell	1729	
601	1	Jemima Tulikens Jones	1768	
604	1	Lucy Throckmorton	1724	
610	1	Hon. Elizabeth Hamilton	1742	
613	1	Maria Broughton	1790	
620	1		1786	
621	1	Elizabeth Eaton		
622	1	Sir Brian Broughton-Delves		
622	2	Henry Errington	1769	
623	1	Mary Wicker	1766	
623	2	Ldy. Anne Windsor dau. of 4th E. of Plymouth	1787	
623	3	Mary Keating	1794	
632	1	Frances Fuller	1788	
637	1	Margaret Cecil	1725	
643	1	Henrietta Hay	1788	
643	2	Elizabeth Boddington	1805	
644	1	Frances	before 1753	
645	1	Henrietta Clayton	1803	
649	1	Eleanor Brownlow	1712	
649	2	Elizabeth Cartwright	1732	
654	1	Hon. Henrietta Hill	1793	
654	2	Maria Tollemache	1833	
656	1	Adriana Allan	1754	
656	2	Mary Dundas	1776	
659	1	Susanna Hoare	1761	
659	2	Ldy. Anne Rawdon	1788	
662	1	Ldy. Elizabeth Bruce	1707	
663	1	Susan Burton		
666	1		1799	
670	1	Mary Robertson	1786	
673	1	Ldy. Elizabeth Montagu	1767	
680	1	3rd E. of Anglesey	1699	
680	2	1st D. of Buckingham	1706	
685	1	Mary Jane Clermont	after 1741	
687	1	Jane Owen	1732	
688	1	Elizabeth Harriet Warren	1777	
689	1	Anne Buller	1791	his cos.
690	1	James Buller	1770	
693	1	Catherine Horneck	1771	
694	1	Ldy. Sarah Lennox	1762	
694	2	Margaret Cocksedge		
698	1	Sophia Coutts	1793	
699	1	Margaret Brandling	1780	
699	2	Cotsford Mathews	1794	
700	1	Lucy Werden	1722	
703	1	Hon. Elizabeth Noel	1777	
703	2	Anne Montolieu	1780	
703	3	Ldy. Margaret Lindsay	1812	
704	1	Ann Roberts of Deal		
705	1	Ldy. Charlotte Stanley	1743	
707	1	Ldy. Dorothy Saville	1721	
710	1	Anna Edwyn	1770	
713	1	Esther Sleepe	1749	
713	2	Mrs Stephen Allen	1767	
718	1	Elizabeth Clements	1750	
720	1	Anne Campbell	1708	
720	2	Mary Hinde		
722	1	Catherine Maria Dawson	1798	
725	1	Mary Wortley Montagu	1736	
728	1	Ldy. Jane Rochfort	1754	
732	1	Anne March see Maj. Robert Browne	1800	
740	1	Eleanor Hope	1750	
741	1	Margaret Master	1691	
742	1	Elizabeth Daniel	1736	
744	1	Ldy. Charlotte Montagu	1724	
745	1	Elizabeth Forward	1734	
746	1	Robert Sandilands		
748	1	Janet Moir	1733	
753	1	Henry Lyon of Neston		
760	1	Margaret Steuart	1735	
761	1	Elizabeth Hort	1753	
767	1	Martha Smith	1732	
772	1	O'Neal		
782	1	Ldy. Isabella Howard	1789	
783	1	Ld. William Campbell	1763	
785	1	Barbara Courthorpe of Danny		
787	1	Catherine Giffard		
790	1	Mary Anne Mahony	1722	
799	1	Hannah Foy	1782	
801	1	Ldy. Margaret Leveson-Gower	1770	
803	1	Ldy. Frances Spencer	1717	
803	2	Hon. Isabella Byron	1743	
804	1	4th E. of Carlisle	1743	
804	2	Sir William Musgrave	1759	
806	1	Ldy. Amelia Darcy	1773	
806	2	Catherine Anguish	1788	
807	1	Ldy. Charlotte Townshend	1797	
808	1	Elizabeth Shovell	1732	
808	2	Jean Vigor	1756	
809	1	Janet Grant	1749	
811	1	Agnes Murray Elliot	1783	
816	1	Elizabeth Petty	1722	
817	1	Col. Robert Cheney	1798	
818	1	Elizabeth Cotesworth		
819	1	Hannah Ellison	1802	
832	1	Miss Wells	1793	
834	1	Jane Butler	1734	
834	2	Sarah Inwen	1752	
836	1	Hon. Dorothy Molyneux	1738	
836	2	Mary Scarisbrick		
852	1	7th Ld. Napier[S]	1754	
854	1	Mary Collinson	1753	
857	1	Ldy. Anne Grey	1727	
860	1	Ldy. Elizabeth Compton	1782	
865	1	Isabella Seton of Parbroarth	1763	
881	1	Catherine More	1753	
884	1	Louisa Buller	1806	
889	1	Benigna Dorrien	1785	
897	1	Mary Hickman	1768	
898	1	Ps. Louise of Stolberg-Gedern (1752-1824	1772	
913	1	Anne Woollaston	1686	
913	2	Frances	1714	
914	1	Anne Thistlewaite	1777	
914	2	Ldy. Henrietta Thynne	1799	
918	1	Esther	1716	
920	1	Honora Baker	1715	
922	1	Ldy. Elizabeth Waldegrave	1782	his cos.
928	1	Ldy. Mary Walpole	1723	
929	1	Ldy. Georgiana Bertie	1791	
930	1	Marcia Pitt	1790	
930	2	Catherine Francis	1814	
930	3	Hon. Mary Townshend	1825	
934	1	Ldy. Mary Walpole	1746	
938	1	Conte Cicciaporci	1783	
947	1	Louisa Skrine	1777	
948	1	Sir Thomas Clarges	1777	
960	1	Angelica Rush	1816	
966	1	Ann Pedder of Kendal	1798	
969	1	Ldy. Augusta Campbell	1788	
975	1	Jane Wilson		
981	1	Ldy. Elizabeth Skeffington	1765	
996	1	Hon. Apollonia Langdale	1780	
999	1	Charlotte Livingstone	1713	
1005	1	Ldy. Henrietta Antonia Herbert	1784	
1006	1	Margaret Maskelyne	1753	
1022	1	Anne Acton of Fulham	1736	
1027	1	Ldy. Mary Campbell	1747	
1030	1	Edward	1747	
1031	1	Ldy. Jane Wharton	1733	
1032	1	Ldy. Margaret Tufton	1718	
1033	1	Jane Dutton of Loughcrew	1775	
1033	2	Ldy. Anne Amelia Keppel	1822	
1036	1	Ldy. Charlotte Paget	1805	
1037	1	Anne Lowry	1763	
1040	1	Hon. Henrietta Powlett	1741	
1040	2	Anne Thresher	1756	
1044	1	Anne Hanger	1718	
1968	1	Maria Walpole	1766	
1069	1	Charlotte Hadfield	1814	
1070	1	Mary Lucy	1727	
1072	1	Ld. George Cavendish	1782	
1073	1	Frances Payne	1748	
1074	1	Elizabeth Shirley	1716	
1080	1	Ldy. Louisa Lennox	1758	
1081	1	Ldy. Anne Wentworth	1733	
1085	1	Theresa Apollonia Wakeham		
1086	1	Catherine Langdale	1775	
1088	1	Clara-Louisa Grace		
1091	1	Ldy. Isabella Fitzroy	1741	
1093	1	Isabella Hamilton	1795	
1094	1	Ldy. Caroline Campbell	1747	
1095	1	Hannah Warner		
1095	2	Ldy. Henrietta Fermor	1747	
1103	1	Priscilla Squire		
1112	1	Ann Lind	1738	
1123	1	Susanna Clarke	1769	
1129	1	Hester Salusbury	1772	
1130	1	Emma Elizabeth Leighton	1774	
1130	2	Anne Pigott	1806	
1132	1	Mary Lloyd	1740	
1134	1	Ldy. Henrietta Hamilton	1728	
1134	2	Margaret Hamilton	1738	
1137	1	Jane Naper	1815	
1144	1	Hon. Lucy Courtenay	1777	
1144	2	Ldy. Maria Grey	1794	
1145	1			
1151	1	Anne Parsons	1745	
1152	1	Frances Stapleton	1767	
1157	1		1765	
1159	1	Hon. Catherine Southwell	1790	
1160	1	Mary Peagrim	1755	
1161	1	Susan Starkie	1763	
1161	2	Harriet Mellon	1815	
1164	1	Hannah Anne Gore	1775	
1167	1	Ldy. Henrietta Nassau	1732	
1167	2	Ldy. Georgiana Carteret	1750	
1170	1	Eleonora Shairp	1803	
1174	1	Anne Hurlock and took name of Cradock-Hartopp	1777	
1178	1	Sophia Brown	before 1749	
1179	1	Olive Sharp	1757	
1184	1	William Craven	1767	
1184	2	Christian	1791	
1185	1	Anne Tylney	1721	
1187	1	Ldy. Jean Murray	1747	
1191	1	Susannah Sambrooke	1740	
1197	1	James Stuart Wortley-Mackenzie	1799	
1202	1	Sarah Cocksedge	1762	
1202	2	Clarissa Brooke	1774	
1202	3	Dorothy Scott	1783	
1207	1	Frances Greville	1766	
1215	1	a rich widow'	1785	
1217	1	Mary Godfrey	1746	
1220	1	Ldy. Charlotte Lee	1715	
1233	1	Anne Blagrave		
1235	1	Ldy. Anne Luttrell	1771	
1236	1	Helen Grant	1773	
1245	1	Janet Dick of Clermiston	1736	
1245	2	Mary Butler	1762	
1248	1	Frances Myreton	1768	
1248	2	Maria Udny	1785	
1263	1	Hon. Harriet Catherine Townshend	1795	
1264	1	Ldy. Jean Douglas	1720	
1264	2	Alice Powell	1744	
1266	1	Harriet Anne Jefferies	1800	
1269	1	Margaret Sainthill	1743	
1269	2	Martha Edwin	1756	
1270	1	Ldy. Christian Hamilton	1725	
1271	1	Ldy. Eleanor Campbell	1714	
1273	1	Marianne Dorothy Harland	1783	
1276	1	Esther de Heulle [Hull]	1764	
1277	1	Frances Mostyn		
1279	1	Hon. John Damer	1767	
1282	1	Anne Seymour Conway	1767	
1283	1	Ldy. Caroline Sackville	1742	
1284	1	Williamsa Janssen	1778	
1285	1		1746	
1286	1	Caroline Seymour	1775	
1286	2	Anne Holwell		
1288	1	Harriett Bisshopp	1783	
1294	1	Eliza -		
1296	1	Anne Blake		
1299	1	Elizabeth Brownlow	1791	
1300	1	Frances Nicoll	1755	
1302	1	Sarah Gould	1745	
1305	1	Helen Graham	1780	
1306	1	Elizabeth Spencer	1739	
1307	1	Anne Bateman	1744	
1308	1	Charlotte Auriol	1782	
1316	1	Elizabeth Hervey		
1333	1	Hannah Phipps	1785	
1333	2	Maria Forbes		
1336	1	Charlotte Louisa Pleydell	1724	
1337	1	Laura Burton	1763	
1339	1	Ldy. Caroline Stuart	1778	
1340	1	Ldy. Anne Fermor	1754	
1340	2	Philadelphia Freame	1770	
1342	1	Anna Mattei	1792	
1346	1	Eleanor Gamble	1761	
1347	1		1791	
1352	1	Elizabeth Windham	1707	
1353	1	Hon. Augusta Irby	1772	
1360	1	Louisa		
1361	1	Elizabeth Heidegger	1750	
1366	1	Selina Furnese	1755	
1366	2	Deborah Winchester	1765	
1370	1	Ldy. Anne Browne	1785	
1371	1	Ldy. Mary Murray	1749	
1375	1	5th D. of Devonshire	1774	
1377	1	Ldy. Georgiana Spencer	1774	
1377	2	Ldy. Elizabeth Hervey	1809	
1384	1	Anne Bragg	1740	
1386	1	Hon.Diana Manners Sutton	1778	
1398	1	Ldy. Mary O'Brien		
1400	1	Lucie	1769	
1400	2	Mary Françoise Laus de Girardin	1784	
1401	1	Hon. Henrietta Maria Phipps	1776	
1401	2	Marie Rogier	1787	
1402	1	Fanny Harland	1777	
1402	2	Emilie Pocquet de Pulhery		
1405	1	Elizabeth Thompson	1744	
1405	2	Esther Spencer	1760	
1408	1	Elizabeth Ffytche	1775	
1421	1	Katherine Beaghan [Behan]	1725	
1440	1	Arabella Diana Cope	1790	
1441	1	Elizabeth Colyear	1709	
1447	1	Agatha Halyburton	1731	
1447	2	Bridget Heathcote	1755	
1449	1	Ldy. Catherine Anne North	1789	
1454	1	Hon. Jean Gray	1763	
1457	1	Bridget Codrington	1747	
1460	1	Miss Scott		
1460	2	Maria Louisa Welstead	1815	
1463	1	Mary Forester	1700	his cos.
1469	1	Eliza-Anne Mackworth	1795	
1471	1	Isabella Marshall	1719	
1473	1	Elizabeth Raworth	1747	
1475	1	Mary Hussey	1778	
1475	2	Rachel Elizabeth Ives	1781	
1486	1	Ldy. Anne Elizabeth Middleton	1709	
1491	1	Harriet Anne Boone	1794	
1495	1	Anne Lyde	1710	
1508	1	Ldy. Mary Tufton	1763	
1509	1	Ldy. Henrietta Frances Spencer	1780	
1510	1	Frederick Ponsonby	1780	
1513	1	Ldy. Diana Howard	1749	
1513	2	Anne Clerke	1772	
1513	3	Charlotte Hale	1778	
1515	1	Harriot Hale	1794	
1516	1	Ldy. Charlotte Fitzwilliam	1764	
1521	1	4th E. of Dunmore [S]	1759	
1522	1	Elizabeth Baring	1780	
1530	1	Rev. Utrick Fetherstonhaugh	1753	
1531	1	Louisa Mount		
1539	1	Sarah Ensor	1738	
1544	1	Giles Earle	1761	
1545	1	Mary Mort		
1555	1	Catherine Wathen	1774	
1556	1	Anne Smith	1792	
1557	1	Ldy. Elizabeth Henley	1783	
1560	1	Emma Gilbert	1761	
1561	1	Ldy. Sophia Hobart	1789	
1572	1	Ldy. Charlotte Hamilton	1736	
1579	1	Maria Jackson	1795	
1580	1	Beatrix Copley		
1584	1	dau. of B. d'Uxhull	1776	
1585	1	Susan Tracy-Keck	1771	
1586	1	Martha White	1759	
1587	1	Mary Nisbet	1799	
1587	2	Elizabeth Oswald	1810	
1591	1	Anna Maria Amyand	1777	
1597	1	Anne Parker	1801	
1600	1	Elizabeth Stanhope	1747	
1600	2	Anne Stanley	1765	
1606	1	Margaret Chalmers		
1619	1	John Creighton [Crichton]	1776	
1620	1	Maria Hill	1769	
1623	1	Agatha Gigli		
1627	1	Janet Wedderburn	1761	
1630	1	Ldy. Jane Hyde	1718	
1630	2	Ldy. Elizabeth Russell	1726	
1631	1	Frances Hanbury Williams	1754	
1631	2	Harriet Bladen	1767	
1633	1	Hon. Jane Grimston	1774	
1636	1	Ldy. Dorothy Boyle	1741	
1643	1	Elizabeth Barnardiston	1743	
1644	1	Letitia Townshend	1748	
1644	2	Anne Maria Cheatham	1770	
1647	1	Sibylla Egerton	1740	
1648	1	Francis Eyre of Hassop	1755	
1655	1	Dorothy Molyneux	1704	
1655	2	Ldy. Laura Dillon		
1657	1	Susanna Marriott	1749	
1659	1	Althea Snelling	1753	
1673	1	Grace Warner	1742	
1677	1	Georgiana Poyntz	1784	
1681	1	Anne Palmer	1737	
1683	1	Urania Herbert	1725	
1684	1	Ann Berney	1776	
1689	1	Katherine Burnett	1766	
1695	1	Agnes Candida Orengo	1751	
1702	1	5th E. Ferrers	1760	
1703	1	2nd E. Ferrers	1704	
1704	1	Mary Ann Bullock	1825	
1705	1	Sarah Lethieullier	1746	
1706	1	Katherine Durnford	1753	
1709	1	Elizabeth Nagle	1758	
1713	1	Ldy. Frances Feilding	1729	
1713	2	Mary Palmer	1738	
1714	1	Elizabeth Palmer	1746	
1718	1	Christina Murray	1779	
1719	1	Mary Fitzgerald	1731	
1729	1	Dorothea Scrivenor	1787	
1730	1	Jane Connolly	1770	
1730	2	Miss Vaughan of Carrowmore		
1731	1	Charlotte Boyle	1791	
1732	1	Lucy Leslie		
1732	2	Catherine		
1732	3	Katherine Sandes		
1738	1	Sarah Perrin	1777	
1742	1	Elizabeth Cosby	1734	
1746	1	Ldy. Anne Watson-Wentworth	1744	
1747	1	Ldy. Charlotte Ponsonby	1770	
1747	2	Hon. Louisa Molesworth	1823	
1748	1	Miss Bouchier	1750	
1750	1	Nancy Denman	1782	
1751	1	Mrs Anne Bird	before 1706	
1757	1	Rebecca Darke	1791	
1757	2	Anna Morgell	1805	
1760	1	Lucretia Bradshaw	1714	
1765	1	Rebecca Norton	1713	
1765	2	Elizabeth Allen	1731	
1771	1	Ldy. Mary Capel	1758	
1772	1	Marion Nasmyth		
1773	1	Hugh Forbes		
1777	1	Elizabeth Hay	1770	
1800	1	Hon. Mary Pakenham	1770	
1803	1	Ldy. Mary Stewart	1741	
1804	1	Ldy. Caroline Stanhope	1765	
1804	2	Harriet Powell	after 1771	
1807	1	John Foster of Dunleer	1776	
1807	2	5th D. of Devonshire	1809	
1813	1	Agnes Grieve	1810	
1816	1	Elizabeth Armitstead	1795	
1819	1	Elizabeth Strangways-Horner	1736	
1820	1	Ldy. Mary Fitzpatrick	1766	
1828	1	Elizabeth Mackrabie	1762	
1828	2	Emma Watkins	1814	
1831	1	Elizabeth Baudouin (his bro's wid.)	after 1714	
1833	1	Diana Topham	1715	
1833	2	Sarah Moseley	1741	
1835	1	Grace Lockhart		
1839	1	Hon. Lucy Boscawen	1746	
1841	1	Susanna Hudson	1741	
1842	1	Hon Henrietta Maria Somerset		
1847	1	Sarah Winsford	1757	
1848	1	Elizabeth Strickland	1781	his cos.
1851	1	Anne Morice	1709	
1853	1	Elizabeth Wynne	1797	
1866	1	Hon. Marianne Mackay	1792	
1872	1	Anne Balam	1708	
1872	2	Ldy. Arabella Watson	1714	
1872	3	Ldy. Anne Shirley	1729	
1873	1	Sophia Rawlins	1787	
1876	1	Elizabeth Gideon	1757	
1887	1	Anne Mathew		
1887	2	Henrietta Fitzjames	1695	
1896	1	Elizabeth Montgomery	1773	
1896	2	Margaret Wallis	1793	
1897	1	Ann Bromhead	1759	
1898	1	Harriet Wrotesley	1777	
1905	1	Ldy. Anne Keith	1719	
1905	2	Ldy. Catherine Cochrane	1729	
1906	1	Ldy. Charlotte Greville	1762	
1906	2	Anne Dashwood	1764	
1909	1	Eva Maria Veigel	1749	
1911	1	Sarah Jane Chalié	1794	
1913	1	Mary Hungate	1726	
1914	1	Miss Montgomery	1772	
1914	2	Mary Shuttleworth	1784	
1917	1		before 1739	
1925	1	Constance Moyser		
1927	1	6th B. Gerard of Gerard's Bromley		
1932	1	Charles Abbot	1796	
1933	1	Agnes Osborne	1753	
1946	1	Maria Eardley Wilmot	1766	
1948	1	Barbara Petre		
1948	2	Barbara Throckmorton		
1948	3	Frances Stonor		
1954	1	Miss Mesmene		
1966	1	Ldy. Augusta Hay	1788	
1966	2	Julia Sinclair	1824	
1967	1	Willielma Maxwell	1761	
1064	1	Mary Gumley	before 1732	
1982	1	Ldy. Barbara Bentinck	1734	
1982	2	Ldy. Anne Fitzwilliam	1747	
1984	1		1796	
1990	1	Philippia Vanbrugh	1734	
2003	1	Jane Maxwell	1767	
2003	2	Jane Christie	1820	
2006	1	3rd D. of Gordon [S]		
2006	2	Staats Long Morris	1756	
2013	1	William Beckford of Fonthill	1783	
2017	1	housekeeper		his
2018	1	Hon. Frances Ingram-Shepheard	1781	
2020	1	Mary Cockerell		
2021	1	3rd Earl Cowper	1775	
2026	1	Henrietta Robinson	1774	
2037	1	Elizabeth Sutherland	1785	
2038	1	Ldy. Evelyn Leveson-Gower	1744	
2042	1	Hon. Anne Liddell	1756	
2042	2	Elizabeth Wrottesley	1769	
2043	1	Ldy. Henrietta Somerset	1713	
2045	1	Ldy. Catherine Stewart	1785	
2046	1	Ldy. Jemima Ashburnham	1785	
2046	2	Ldy. Caroline Montagu	1790	
2051	1	Hon. Mary Cathcart	1774	
2056	1	Ldy. Frances Seymour	1750	
2057	1	Ldy. Gertrude Seymour Conway	1772	
2061	1	Jean Duff	1763	
2082	1	Elizabeth Camplin		
2085	1	Ann Greatheed	1780	his cos.
2103	1	Ldy. Mary Nugent	1775	
2104	1	Margaret Banks	1757	
2105	1	Anne Chambers	1737	
2106	1	Hon. Anne Pitt	1792	
2111	1	Ldy. Charlotte Bentinck	1793	
2112	1	Frances Macartney	1734	
2113	1	Georgiana Peachey	1771	
2113	2	Henrietta Vernon	1776	
2115	1	Hon. Mary Ponsonby	1794	
2116	1	Ldy. Henrietta Bentinck	1763	
2117	1	Henrietta Wemyss Charteris	1797	
2118	1	Elizabeth Bandling	1777	
2121	1	Eleanor Assheton	1769	
2128	1	Harriot Walter	1774	
2129	1		1770	
2131	1	Frances Legard	1780	
2135	1	Jane Wyndham	1708	
2135	2	Diana Warburton	1724	
2142	1	Ldy. Louisa Thynne	1781	
2147	1	Jane Saunders	1732	
2148	1	Elizabeth Wright	1770	
2152	1	Anne Mack	1789	
2163	1	Mary Holt	1750	
2163	2	Anne Gascoigne	1786	
2164	1	Charlotte Baird	1782	
2165	1	Isabella Pocock	1759	
2166	1	William Combe	1795	
2169	1	Richard Cosway	1781	
2173	1	Elizabeth Middleton	1721	
2174	1	Frances Smythe		
2176	1	Mary Silvertop	1754	
2188	1	Ldy. Helen Douglas	1786	
2189	1	Magdalen Pringle	1759	
2201	1	Ldy. Harriet Stewart	1765	
2202	1	Agnes Cockburn		
2202	2	Agnes Cockburn		
2202	3	Frances		
2203	1	Elizabeth Burrell	1778	
2205	1	Sir William Hamilton	1791	
2209	1	Mary		
2210	1	Ldy. Harriet Bentinck	1728	
2211	1	Anne Cochrane	1723	
2211	2	Elizabeth Strangways	1727	
2211	3	Anne Spencer	1737	
2212	1	Elizabeth Gunning	1752	
2219	1	Catherine Barlow	1758	
2219	2	Emma Hart	1791	
2228	1	Arabella Williams	1762	
2236	1	Catherine Graeme	1768	
2236	2	Jane Brown	1805	
2239	1	Ann Price		
2242	1	Ldy. Isabella Bennet	1698	
2243	1	Ldy. Catherine Perceval	1733	
2248	1	Elizabeth Evelyn		
2249	1	Rebecca Le Bas	1735	
2255	1	Hannah Hume	1774	
2257	1	Georgiana Shipley	1785	
2257	2		1807	
2258	1	Francis Hare-Naylor	1785	
2262	1	Susanna Reynold	1749	
2265	1	Ldy. Frances Greville	1762	
2266	1	Esther		
2270	1	Ldy. Caroline Fitzroy	1746	
2280	1	Ldy. Mary Tufton	1718	
2289	1	Ldy. Charlotte Boyle	1748	
2294	1	Ann Ives		
2307	1	Henry Hatton	1783	
2307	2	1st M. of Abercorn [S]	1800	
2318	1	Margaret Nicholson	1720	
2322	1	Hon. Marjory Murray	1715	
2323	1	Anne Elphinstone		
2327	1	Henrietta Auriol	1748	
2341	1	Jane Lewthwaite	1783	
2344	1	Mary Quin	1778	
2353	1	Frances-Anne Ainslie	1798	
2357	1	Ldy. Catherine Rawdon	1764	
2363	1	Elizabeth Beauclerk	1787	
2363	2	Catherine Vorontsov	1808	
2365	1	Hon. Mary Fitzwilliam	1733	
2372	1	John Ross	1774	
2372	2	Sir Robert Herries	1777	
2373	1	Grace Henderson		
2373	2	Catherine Foote	1777	
2377	1	Frances Thynne	1715	
2379	1	Elizabeth Chudleigh	1744	
2383	1	Dorothy Ashley	1740	
2385	1	Hon. Elizabeth Upton	1798	
2387	1	Mary Lepell	1720	
2388	1	Elizabeth Drummond	1779	
2392	1	Hannah Sturges	1725	
2393	1	Mary Tyreil	1805	
2393	2	Hon. Letitia Wodehouse	1811	
2395	1	Harriet Cowper	1751	
2402	1	Frances Bettinson	1689	
2407	1	Anna Maria Bowles	before 1771	
2416	1	Maria Darcy	1738	
2417	1	Mary Dering	1769	
2418	1	Miss Morris	1710	
2426	1	Ldy. Elizabeth Stanhope	1722	
2431	1	Ldy. Margaretta Fitzgerald	1748	
2431	2	Mary suo jure Bs. Stawell	1768	
2432	1	Elizabeth Popham	1707	
2434	1	Elizabeth Crewe		
2437	1	Margaret Stewart	1780	
2437	2	Elizabeth Horner	1801	
2439	1	Hon. Anne Masham	1726	
2439	2	Susan Colt	1728	
2442	1	Miss Coulthurst	1751	
2445	1	Hon. Hester Lyttelton	1783	
2446	1	Elizabeth Barker	1744	
2447	1	Hon. Albinia Bertie	1757	
2448	1	Mary Ann Drury	1761	
2448	2	Caroline Conolly	1770	
2452	1	Charlotte Cam	1785	
2452	2	Amelia Parry	1793	
2463	1		1786	
2466	1	Frederica Schomberg	1715	
2467	1	Mary Doublet	1743	
2471	1	Penelope Dyne	1733	
2471	2	Ldy. Georgiana Caroline Lennox	1744	
2473	1	Elizabeth Vassall	1797	
2474	1	Catherine Eden	1793	
2482	1	Abigail Way	1767	
2482	2	Hon. Lucy Pelham	1794	
2482	3	Ldy. Anne North	1798	
2487	1	Ldy. Elizabeth Scott	1798	
2488	1	Jane Graham	1771	
2489	1	Susanna Delane	1783	
2489	2	Anna Patterson	1796	
2491	1	Janet Jardine	1782	
2505	1	Ldy. Elizabeth Carnegie	1766	
2506	1	Philippina van der Heoven	1763	
2507	1	Ldy. Anne Ogilvy	1733	
2507	2	Jean Oliphant	1762	
2507	3	Ldy. Elizabeth Leslie	1767	
2509	1	Louisa Beresford	1806	
2513	1	Catherine Weir	1733	
2513	2	Ldy. Anne Vane	1746	
2513	3	Helen Dunbar	1766	
2514	1	Sophia Corrie	1775	
2524	1	Margaret Aylmer	1789	
2529	1	Ldy. Gertrude Stanhope	1724	
2530	1	Caroline Clutterbuck		
2533	1	Friedrich Ludwig	1789	
2536	1	Hon. Eleanora Cathcart	1744	
2541	1	Sarah Inwen	1735	
2542	1	Miss Reinagle	1801	
2543	1	Sarah Loidore	1752	
2543	2	Henrietta Leeds	1758	
2544	1	Alice Forward	1755	
2549	1	Mary Wentworth	1707	
2549	2	Elizabeth Rotherham	1722	
2552	1	Dorothy Thynne	1712	
2553	1	Martha Parker-a-Morley-Long	1751	
2557	1	Sarah Coghill	1730	
2562	1	Mary Richardson	1725	
2562	2	Mary Fynes	1770	
2565	1	Brigida Ractelif'		
2574	1	Amelia Egerton	1771	
2580	1	Elizabeth Weld	1707	
2590	1	Ldy. Selina Shirley	1728	
2591	1	Ldy. Grace Carteret	1729	
2592	1	Ldy. Henrietta Mordaunt	1707	
2613	1	Mary Reade	1768	
2623	1	Christiana Methuen	1775	
2631	1	Elizabeth Henry	1749	
2631	2	Anne Barry	1753	
2631	3	Caroline		
2632	1	Mary Hacket	1725	
2635	1	Alice de Lancey of New York	1767	
2636	1	Mary Joanna Riminaldi		
2644	1	Mary Bartlett	1753	
2647	1	Muriel Bland		
2648	1	Princess Clementina Sobieska	1719	
2657	1	Guyon		
2677	1	Giovanni Martinez	1794	
2681	1	Ldy. Theodosia Hervey	1795	
2681	2	Mary Chester	1822	
2683	1	Frances Lascelles	1801	
2684	1	Juliana Atkinson	1760	
2684	2	Miss Newell		
2688	1	Mary Plowden	1733	
2689	1	Ldy. Anne Egerton	1733	
2692	1	Martha Parker	1783	
2694	1	Frances Bligh	1788	
2694	2	Juliana Orde	1804	
2695	1	Vertue Hase	1772	
2697	1	Maria Burgh	1779	
2697	2	Jane Johnes	1783	
2703	1	Ldy. Henrietta Cecilia West	1762	
2714	1	Mary Forrest	1732	
2724	1	Jane Hudson	1769	
2732	1	Jane Mercer	1787	
2732	2	Hester Thrale	1808	
2759	1	Maddalena Guardi [Magdalen Gardi]		
2764	1	Sophia Hales		
2766	1	Hon. Emilia St George	1775	
2770	1	Ldy. Mary Shirley	1730	
2771	1	Hon. Jean Cochrane	1692	
2771	2	Barbara McDougall		
2773	1	Elizabeth Fry	1726	
2774	1	Deborah Lara		
2774	2	Ldy. Jane Rochfort	1785	
2775	1	Charlotte Tredcroft	1774	
2776	1	Ldy. Hester Fortescue	1804	
2781	1	Elizabeth Chudleigh	1769	
2782	1	Hon. Augustus Hervey	1744	
2782	2	2nd D. of Kingston	1769	
2783	1	Ldy. Anne Lindsay	1714	
2788	1	Ldy. Henrietta Maria Murray	1702	
2788	2	Ldy. Elizabeth Lyon		
2789	1	Ldy. Abigail Harley	1709	
2802	1	Frances Heath	1750	
2803	1	Adml. Sir Joseph Knight	1756	
2806	1	Hon. Henrietta St John	1727	
2806	2	Mary	1756	
2815	1	Mary Powell	1752	
2828	1	Ldy. Anne Barbara Villiers	1791	
2830	1	Ellis [Elisha] Smyth	1764	
2830	2	Ldy. Catherine Skeffington	1784	
2830	3	Miss Coghlan	1799	
2833	1	2nd E. of Lanesborough [I]	1754	
2842	1	Julie de Monceau de la Meloniere		
2848	1	Elizabeth Dawes	1747	
2848	2	Jane Coleman	1770	
2850	1	Elizabeth Morley		
2852	1	Ldy. Katherine Knollys	1700	
2862	1	Monica Stapleton	1773	
2862	2	Catherine Fermor	1801	
2865	1	Elizabeth Mordaunt	1724	
2871	1	Nicholas Lechmere	1719	
2871	2	Sir Thomas Robinson	1728	
2876	1	Elizabeth Leake		
2878	1	Philadelphia Dyke		
2881	1	Bridget Hyde	1682	
2882	1	Ldy. Mary Godolphin	1740	
2885	1	Cecilia Leigh	1729	
2885	2	Anne Preston	1739	
2885	3	Elizabeth French	1768	
2888	1	Elizabeth Langlois	1738	
2890	1	Jane Cartwright	1755	
2891	1	Jane Aston	1782	
2893	1	Elizabeth Musgrave	1786	
2894	1	Hon. Mary Stawell	1750	
2900	1	Frances Wilson	1701	
2901	1	Georgina Maria Cottin	1810	
2910	1	Ldy. Emilia Lennox	1747	
2918	1	Ldy. Louisa Kerr	1759	
2920	1	Anna Draycott [Delagard]	1764	
2931	1	Margaret Sloper		
2935	1	Ldy. Harriet Cavendish	1809	
2941	1	Hon. Charlotte Bridgeman		
2946	1	Ldy. Frances Finch	1782	
2951	1	Anne Delme	1735	
2956	1	Catherine Pelham	1744	
2957	1	Ldy. Frances Seymour-Conway	1775	
2960	1	Mary Milner		
2965	1	Ldy. Margaret Hay	1707	
2966	1	Theresa Conyers	1746	
2972	1	Margaret O'Brien	before 1736	
2977	1	Henrietta Marchant	1796	
2982	1	Cornelia Van Horn	1790	
2992	1	Mary Adam	1779	
2994	1	Cecilia Margaret Ogilvie	1795	
2998	1	Frederica Augusta Schaub	1767	
2999	1	Elizabeth Jennings	1800	
3004	1	Fergusia Wishart	1726	
3006	1	Mathilda		
3006	2	Annabella Crawford	1785	
3012	1	Hannah Phipps		
3013	1	Amelia Hume	1793	
3014	1	Hon. Sophia Pelham	1802	
3015	1	Hon. Harriet Bouverie	1775	
3015	2	Ldy. Catherine Windsor	1785	
3017	1	Ldy. Emma Child	1735	
3019	1	Ldy. Georgiana Lygon	1817	
3020	1	Lucy Pelham	before 1726	
3022	1	Elizabeth Skrine	1781	
3024	1	Ldy. Caroline Elizabeth Villiers	1810	
3036	1	Ldy. Elizabeth Fane	1790	
3041	1	Margaret Smith	1760	
3055	1	Judith Lawes	1737	
3057	1	Hon. Grace Norton	1799	
3057	2	Mary Anne Hanson	1814	
3059	1	Mary Coke		
3066	1	Lucy Fortescue	1742	
3066	2	Elizabeth Rich	1749	
3068	1	Ldy. Rachel Russell	1745	
3069	1	Apphia Witts	1772	
3076	1	Ldy. Jane Stuart	1768	
3096	1	Janet Oliphant	1757	
3100	1	Ldy. Elizabeth Campbell	1749	
3108	1	Sir Herbert Mackworth	1761	
3110	1	Hon. Jane Ross	1755	
3134	1	James Joseph Mahony	1739	
3134	2	Don Carlo Severino	1773	
3135	1	Principe Benedetto Giustiniani	1757	
3136	1	Ldy. Clifford	1739	
3148	1	Sarah Bazett	1786	
3148	2	Catherine Stephens	1838	
3149	1	Susanna	1734	
3149	2	Lucy Elstob		
3151	1	James Harris	1777	
3152	1	Harriet Maria Amyand	1777	
3155	1	Mary Bright	1752	
3158	1	Hon. Dodington Greville	1691	
3162	1	Ldy. Susan Maxwell Gordon	1793	
3163	1	Elizabeth Dashwood	1762	
3165	1	Ldy. Isabella Montagu	1723	
3170	1	Ldy. Lucy Noel	1765	
3171	1	Lucy Mann	1786	his cos.
3174	1	Mary Digges	1756	
3178	1	Anne Shovel	1718	
3183	1	Ldy. Margaret Hay	1703	
3183	2	Ldy. Frances Pierrepont	1714	
3185	1	Ldy. Sarah Cadogan	1719	
3194	1	Ldy. Caroline Russell	1762	
3208	1	Penelope Skipp	1774	
3215	1	Martha Elliston	1773	
3219	1	Marie Anne Barcier	1789	
3219	2	Elizabeth Lane		
3221	1	Philippa Mundy		
3233	1	Miss Clerke	1775	
3234	1	Laetitia Vernon	1756	
3234	2	Mary Allen	1766	
3234	3	Anne Monck	1777	
3239	1	4th B. Bellew	1731	
3244	1	Ldy. Catherine Stewart	1731	
3244	2	Anne Fox	1767	
3250	1	Anne Parsons (c.1735-c.1814)	1776	
3251	1	Catherine Gunter		
3253	1	Charlotte Bishopp	1751	
3258	1	Theodosia Hawkins-Magill	1765	
3263	1	Anne Mills	1774	
3265	1	Mary Kelly	1807	
3278	1	Frances Rutherford	1776	
3305	1	Hon. Grace Boyle	1744	
3309	1	Margaret Gambier	1761	
3310	1	Mrs Sarah Drake	1710	
3310	2	Mary Conyers	1734	
3310	3	Anne Powell	1747	
3313	1	Albinia Townshend	1752	
3316	1	Cornelia	1775	
3319	1	Anne Mildmay		
3324	1	John Miller	1765	
3328	1	Anne Riggs	1765	
3328	2	Jane Seel	1795	
3345	1	Frances Hart	1779	
3348	1	Bridget Noel	1724	
3356	1	Barbara Mitchell	1722	
3361	1	Ldy. Frances Perceval	1803	
3363	1	Catherine Byres	1800	his cos.
3368	1	Elizabeth Cole	1731	
3369	1	Vct. Bayham	1785	
3370	1	Mary Middleton	1718	
3371	1	Catherine Treby Ourry	1786	
3377	1	Henry Monck		
3379	1	Ldy. Elizabeth Manners		
3379	2	Jane Westenra	1734	
3386	1	Ldy. Margaret Watson	1725	
3387	1	Ldy. Elizabeth Capel	1777	
3390	1	Ldy. Mary Pierrepont	1712	
3391	1	Sally	1730	
3391	2	bigamously Elizabeth Ashe	1751	
3391	3	Catherine Dormer	1762	
3395	1	Edward Wortley Montagu	1712	
3398	1	Harriet Dunch	1735	
3401	1	Ldy. Mary Montgomerie	1803	
3402	1	Miss Smyrna	1791	
3404	1	Elizabeth Le Heup		
3420	1	Clementina Stewart	1783	
3421	1	Ldy. Christian Montgomerie	1737	
3426	1	Ellen Wilson	1750	
3426	2	Catherine More	1768	
3434	1	Ldy. Lucy Wharton	1731	
3434	2	Anna Bury	1741	
3440	1	Hyacinthe Gabrielle Roland	1794	
3440	2	Marianne Caton	1825	
3442	1	Ldy. Georgiana Cavendish	1801	
3448	1	Mary		
3448	2	Elizabeth Jackson	1731	
3449	1	Ldy. Catherine Gordon	1756	
3449	2	Elizabeth Urquhart	1780	
3452	1	Katherine Stanley	1803	
3456	1	Katherine Hamilton	1758	
3460	1	Barbara Slaughter	1780	
3461	1	Margaret Wynne	1766	
3462	1	Sarah Western	1735	
3472	1	Hon. Charlotte Jane Windsor	1766	
3472	2	Frances Coutts	1800	
3483	1	P. Augustus	1793	
3484	1	James Murray of Broughton	1752	
3488	1	Joseph Smith	1757	
3489	1	Amelia Murray of Glencarse	1728	
3490	1	Hon. Wilhelmina King	1784	
3491	1	Sir Alexander Murray of Stanhope	1710	
3492	1	Cordelia Collier		
3492	2	Anne Whitham	1780	
3493	1	Henrietta	1794	
3497	1	Bridget Milbanke	1748	
3498	1	Margaret Ferguson	1738	
3498	2	Miss Webb		
3499	1	Filippo	1769	
3504	1	Ldy. Augusta Mackenzie	1770	
3517	1	Mary Campbell		
3521	1	Mlle de Compigny	1686	
3528	1	Jean Keith		
3537	1	Frances Herbert	1787	
3545	1	Catherine Grenville	1780	
3548	1	Ldy. Catherine Perceval	1766	
3548	2	Maria Stella Petronilla Chiappini	1786	
3549	1	Thomas Clifford	1713	
3549	2	Hon. Charles Radclyffe	1724	
3551	1	Frances Sneyd	1773	
3552	1	Sophia Conyers	1743	
3552	2	Hester Mundy	1776	
3553	1	Grace Burton	1754	
3561	1	Mary Manning		
3562	1	Margaret Coningsby	1730	
3573	1	Ldy. Elizabeth Shirley	1725	
3575	1	Hon. Mary Manners	1777	
3576	1	Ldy. Winifred Herbert	1699	
3584	1	Ldy. Mary Henley	1788	
3588	1	Maria Shireburn	1709	
3593	1	Henrietta Bannister	1771	
3595	1	Ldy. Lucy Montagu	1728	
3595	2	Elizabeth Kaye	1736	
3595	3	Katherine Furnese	1751	
3596	1	Anne Speke	1756	
3600	1	Maria de Yong	1705	
3603	1	Ldy. Anne Somerset (1741-63	1759	
3610	1	Janet Moir	1792	
3611	1	Anna Margaretta Midgeley	1791	
3619	1	Adml. Sir Eliab Hervey	1784	
3623	1	Hon. Elizabeth Venables-Vernon	1765	
3639	1	Margaret Lawrence		
3643	1	Ldy. Emilia Lennox	1774	
3647	1	Elizabeth Wright	1744	
3657	1	Margaret Robertson	1755	
3658	1	Christian Robertson	1795	
3663	1	Anne Billers	1741	
3667	1	Mary Smith	1784	
3668	1	Jean Powlett	1778	
3674	1	Robert	1724	
3674	2	Hon. Sewallis Shirley	1751	
3676	1	Ldy. Anne Hyde	1682	
3676	2	Mary Somerset	1685	
3688	1	Corisande	1806	
3691	1		before 1802	
3705	1	Ldy. Augusta Fane	1809	
3707	1	Sarah Jennings	1741	
3707	2	Charlotte Beaumont	1748	
3708	1	Elizabeth Crow	1773	
3717	1	Frances Poole	1767	
3717	2	Mary Mee	1783	
3721	1	Ldy. Margaret Douglas	1687	
3728	1	Jane Anstruther	1785	
3730	1	Mary Lane	1722	
3730	2	Dorothy Nesbitt	1757	
3731	1	Frances Hort	1764	
3731	2	Hon. Theresa Robinson	1769	
3734	1	Marie-Madeleine Sarner		
3737	1	Miss Edwards	1796	
3737	2	Eliza Breton-Wolstenholme	1807	
3741	1	Mary Gilliatt of Wold Newton	1805	
3742	1	Letitia Charlotte Brooke	1774	
3747	1	Miss Keene	1775	
3751	1	Horton		
3751	2	2nd Vct. Maynard	1776	
3756	1	Elizabeth Colby		
3760	1	Costantia Fontana	1773	
3770	1	Jane Staniforth	1781	
3782	1	Hester Jennings	1784	
3788	1	Hon. Charlotte Monson	1777	
3790	1	Sofia Aufrere	1770	
3792	1	Anne Frankland	1754	
3793	1	Ldy. Mary Osborne	1801	
3799	1	Ldy. Elizabeth Spencer	1756	
3805	1	Anne Susanna Warburton	1765	
3810	1	Anne Knowler	1765	
3810	2	Catherine Judd	1808	
3812	1	Ldy. Jane Leslie	1772	
3812	2	Deborah Askew	1813	
3813	1	Catherine Parker	1710	
3815	1	Isabella Burrell	1775	
3823	1	Elizabeth Sidney	after 1753	
3830	1	Ldy. Jean Gordon	1706	
3831	1	Mary Ormsby	1783	
3832	1	Carey Fraser	1678	
3832	2	Anastasia Robinson	1722	
3834	1	Philip Stanhope	1759	
3843	1	Bridget Skeffington	1738	
3852	1	Mary Philipps	1764	his cos.
3866	1	Frances Ward	1695	
3867	1	Marguerite-Henriette Bontems	1780	
3878	1	Elizabeth Dehany	1772	
3880	1	Henry Thrale	1763	
3880	2	Gabriel Piozzi	1784	
3882	1	William Wyndham Grenville	1792	
3884	1	John Hanham	1761	
3886	1	Penelope Atkins	1746	
3887	1	Marcia Morgan	1753	
3888	1	George Pitt of Stratfield Saye	1746	
3889	1	Anne Wilkinson	1771	
3909	1	Hon. Sarah Archer	1788	
3910	1	Sophia Drake	1763	
3911	1	Charlotte Long	1791	
3916	1	Mary Ann Clee		
3919	1	Hon. Henrietta Louisa Jeffreys	1720	
3924	1	Ldy. Caroline Cavendish	1739	
3925	1	Hon. Louisa Molesworth	1769	
3931	1	Mary Wibault	1774	
3935	1	Martha Ker of Portamara	before 1794	
3938	1	Ldy. Margaret Cavendish	1734	
3958	1	Ldy. Isabella Tufton	1731	
3964	1	Miss Collyer		
3965	1	John Pratt		
3975	1	Mary Sharpe	1733	
3977	1		1746	
3981	1	Hon. Anne Somerset	1714	
3982	1	Ldy. Caroline Carpenter	1774	
3985	1	Hannah Wrench	1718	
3987	1	Anne Drelincourt	1739	
3998	1	Anna Maria Gumley	1714	
4003	1	Dinah Frankland	1745	
4004	1	Ldy. Catherine Hyde	1720	
4009	1	Ldy. Frances Fox Strangways	1777	
4009	2	Margaret Coghlan	1816	
4012	1	Anne Johnson	1711	
4015	1	Charlotte, suo jure Cts. of Newburgh	1724	
4019	1	Ann Edgar	1778	
4021	1	Mary Anne Lane		
4027	1	Anne Bayne	1739	
4027	2	Margaret Lindsay	1752	
4028	1	Marie Du Nairne		
4036	1	Ldy. Flora Mure-Campbell	1804	
4037	1	Ldy. Helena Perceval	1741	
4037	2	Hon. Anne Hill	1746	
4037	3	Ldy. Elizabeth Hastings	1750	
4038	1	Fanny Hall Stevenson	1792	
4044	1	Hon. Mary Blundell	1741	
4049	1	Harriet Barker	1759	
4054	1	Anne Parker		
4059	1	George W. Renner of the British Factory at Leghorn		
4070	1	Maria de Jong	1729	
4071	1	Ldy. Cecil Talbot	1756	
4076	1	Miss Hague 1797		
4085	1	Ldy. Mary Bruce	1757	
4086	1	Elizabeth Maclauchan	1767	
4096	1	Maria Allen	1772	
4108	1	Morris Robinson (d. 1777		
4111	1	Ldy. Elizabeth Howard	1728	
4111	2	Elizabeth Booth	1743	
4113	1	Ldy. Mary Yorke	1780	
4120	1	Miss Perrot		
4126	1	Lucy Young	1740	
4128	1	Elizabeth Tenison	1731	
4128	2	Hon. Mary Molesworth	1736	
4129	1	Katherine Furnese	1736	
4146	1	Susan Ward	1764	
4146	2	Mary Vincent	1775	
4149	1	Catherine Conolly	1754	
4149	2	Alice Clements	1773	
4161	1	Frances Warter-Wilson	1788	
4161	2	Charlotte Whittaker	1792	
4165	1	Ldy. Mary Finch	1708	
4169	1	Frances Berriman	1756	
4169	2	Joanna Law	1772	
4171	1	Sarah Walker of Rumford	1773	
4175	1	Ldy. Anne Compton	1729	
4176	1	Rebecca Bowles	1766	
4181	1	Ldy. Diana Spencer	1731	
4181	2	Ldy. Gertrude Leveson-Gower	1737	
4192	1	Susanna Osborne	1742	
4192	2	Anne		
4194	1	Frances Gower		
4200	1	Ldy. Sophia Thynne	1784	
4200	2	Ldy. Charlotte Percy	1795	
4201	1	Janet Dalrymple		
4202	1	Ldy. Margaret Stewart	1733	
4202	2	Hon. Amelia Murray	1750	
4203	1		1709	
4205	1	1st B. St George	1752	
4205	2	chev. Ducours [Destours]	before 1790	
4206	1	Elizabeth Dominick	1752	
4212	1	Barbara Bladen	1771	
4213	1	2nd Vct. St John	1748	
4214	1	Anne Furnese	1729	
4214	2	Hester Clarke	1748	
4216	1	George Lamb	1809	
4217	1	Mary Butler	1754	
4220	1	4th E. of Salisbury	1683	
4221	1	Ldy. Anne Tufton	1709	
4222	1	Elizabeth Keet	1745	
4223	1	Ldy. Mary Hill	1773	
4233	1	Millicent Fuller	1710	
4233	2	Mary Clarke	1721	
4238	1	Hon. Dorothy Fane	1741	
4241	1	Letitia Tipping	1725	
4254	1	Hon. Tryphena Russell	1725	
4272	1	Eliza Clay	1780	
4273	1	Hon. Frances Digby	1706	
4286	1	Ldy. Mary Mackenzie	after 1718	
4295	1	Elizabeth Hunter		
4297	1	Ldy. Caroline Cowper	1753	
4297	2	Louise Thérèse de Chançay	1775	
4300	1			
4300	2	Anne Binns	1725	
4301	1	Jane Ewer	1709	
4302	1	Barbara Webb	1786	
4309	1	Sarah Gillie	1787	
4309	2	Sarah Stout		
4319	1	Frances Colhoun	1786	
4321	1	Hon. Arabella Boyle	1699	
4322	1	Ldy. Sophia Carteret	1765	
4322	2	Ldy. Louisa Fitzpatrick	1779	
4328	1	Sir John Shelley	1775	
4328	2	John Stewart		
4329	1	Catherine Scawen	1717	
4329	2	Hon. Margaret Pelham	1727	
4335	1	Mary Sidney	1738	
4346	1	Jane Galloway	1768	
4347	1	Margaret Rolle (see Margaret	1751	
4350	1	Cts. Adelaide Paleotti of Bologna	1705	
4351	1	Elizabeth Hoey	1792	
4352	1	Hon. Elizabeth Dormer	1743	
4353	1	Sarah Darker	1782	
4353	2	Julia Evelyn	1785	
4354	1	Sarah Hayward	1750	
4355	1	Emma Cole	1703	
4366	1	Hon. Janet Sutherland	1740	
4384	1	Selina Shirley	1785	
4386	1	Jane Sumner	1764	
4386	2	Julia Siordet	1776	
4392	1	Sarah Fuller	1772	
4399	1	Charlotte Izard	1809	
4411	1	Christian		
4417	1	Catherine Tofts	1717	
4417	2	Elizabeth Murray	1757	
4424	1	Mary Lockyer	1777	
4432	1	Ldy. Elizabeth Seymour	1740	
4434	1	Nancy Lascelles of Jamaica	1747	
4439	1	Ldy. Georgiana Fitzroy	1778	
4441	1	Charlotte Blake	1776	
4443	1	Maria Giffard	1743	
4443	2	Hon. Mary Clifford	1766	
4444	1	Catherine Holford	1781	
4452	1	Charles Manners	1775	
4461	1	Ld.y Margaret Stewart	1713	
4462	1	Hon. Catherine Watson	1729	
4463	1	Sophia Campbell	1765	
4464	1	Sophia Walsh	1774	
4472	1	Hon. Mary Beauclerk	1762	
4473	1	Hon. Lavinia Bingham	1781	
4475	1	Margaret Georgiana Poyntz	1755	
4477	1	Henrietta Fawkener	1811	
4482	1	Susanna Acton		
4486	1	Henrietta Cantillon	1743	
4488	1	Anne Holman	1718	his cos.
4495	1	Lucy Pitt	1713	
4496	1	Grisell Hamilton	1745	
4497	1	secretly c.1759 Eugenia Peters		
4499	1	Susanna Rudge	1721	
4499	2	Elizabeth Crowley	1745	
4499	3	Anne Delaval	1759	
4503	1	Margaret Owen of Penrhos	1763	
4504	1	Hon. Maria Holroyd	1796	
4509	1	Harriet Conolly	1764	
4509	2	Hon. Henrietta Molesworth	1774	
4511	1	Elizabeth Eliot	1791	
4514	1	Mary O'Grady	1772	
4514	2	Mary Digby	1794	
4525	1	Sir Thomas Stepney	before 1742	
4528	1	Elizabeth Lumley	1741	
4530	1	Ldy. Frances Wemyss	1743	
4536	1	Anne Stevenson	before 1740	
4541	1	Ldy. Mary Moore	1791	
4545	1	Hon. Elizabeth Molesworth	1774	
4546	1	Mary Mercer		
4550	1	Frances Coutts	1778	
4552	1	Georgina D'Aguilar	1782	
4553	1	Alexander Trotter		
4554	1	John Coxe Hippisley	1780	
4555	1	Ldy. Sarah Seymour-Conway	1766	
4555	2	Ldy. Frances Pratt	1775	
4566	1	Elizabeth Smith	1727	
4567	1	Mary Powys	1762	
4571	1	Henrietta de Bunau	1759	
4571	2	Hon. Louisa Cathcart	1776	
4573	1	Hon. Mary Langdale	1775	
4574	1	Catherine Weld	1800	
4582	1	Ldy. Anne Campbell	1741	
4584	1	Sarah Gould	1760	
4585	1	Isabella Lumisden	1747	
4587	1	Thomas Horner who assumed additional name of Strangways 1726	1713	
4588	1	Mary Eleanor Bowes and changed name from Lyon to Bowes	1767	
4589	1	4th E. of Strathmore [S]	1725	
4589	2	George Forbes	1745	
4593	1	Elisabeth Winn	1751	
4596	1	Anastasia Lawson	1789	
4596	2	Catherine Gerard		
4597	1	Ldy. Anne Cecil	1736	
4600	1	Margaret Stirling	1790	
4605	1	Hon. Louisa Bertie	1778	
4611	1	Margaret Cunynghame	1767	
4616	1	Sophia Penn	1796	
4624	1	Hon. Catherine Annesley	1760	
4624	2	Anne Knight	1771	
4624	3	Elizabeth Underwood	1781	
4634	1	Ann Dunk and took additional name of Dunk	1741	
4635	1	Philippa Rooper	1778	
4637	1	Dorothea Steele		his cos.
4642	1	George Leveson-Gower	1785	
4643	1	Mary Maxwell	1761	
4647	1	George Markham		
4647	2	John Pulteney	1803	
4653	1	Christiana Dillon	1761	
4655	1	Martha Baker	1767	
4659	1	Arabella Astley	1748	
4666	1	Jane Seton of Parbroath	1770	
4666	2	Ann Elizabeth Martin		
4668	1	Ldy. Elizabeth Somerset	1796	
4671	1	Ldy. Charlotte Hill	1776	
4675	1	Ldy. Mary Lucy Fox Strangways	1794	
4678	1	Frances Cokayne	1718	
4680	1	Penelope Assheton Smith	1776	
4684	1	Barbara Fitzherbert		
4691	1	Ldy. Elizabeth Keppel	1764	
4692	1	Margaret Payler	1769	
4696	1	Elizabeth Godden	1778	
4709	1	Elizabeth Lee	1735	
4709	2	Jane Barnard	1738	
4713	1	Clotworthy Upton	1769	
4718	1	Catharine Powell	1733	
4718	2	Anne Brinckhurst	1766	
4718	3	Elizabeth Newport	1772	
4722	1	Anne Charlotte de Bojanovitz	1811	
4753	1		1781	
4755	1	Eleanor Lynne	1779	
4761	1	Catharine Stapleton	1792	
4762	1	Maria Catherine Giffard	1782	
4763	1	Ldy. Theresa Herbert		
4763	2	Catherine Collingwood	1738	
4763	3	Lucy Heywood	1763	
4764	1	Ldy. Mary Villiers		
4765	1	Elizabeth Lucy Plowden	1778	
4767	1	Ursula Boiseir		
4768	1	Barbara Borr		
4769	1	Catherine Morgan	1785[?]	
4779	1	Mary Singleton	1736	
4780	1	Ldy. Dorothy Cavendish	1766	
4781	1	Henrietta Scott	1795	
4783	1	Joseph Smith	1717	
4796	1	Ldy. Lucy Boyle	1765	
4802	1	Hon. Mary Widdrington	1713	
4803	1	Ann Eccleston		
4809	1	Ldy. Charlotte Compton	1751	
4809	2	Anne Montgomery	1773	
4814	1	Margaret Black	1766	
4838	1	Maria Wilson	1791	
4839	1	Harriet Burton	1773	
4848	1	Frances Northall	1787	
4853	1	Anna Meeke	1748	
4854	1	Elizabeth Cressener	1717	
4856	1	Ldy. Mary Saville	1722	
4857	1	Hon. Mary Sackville	1767[?]	
4859	1	Susanna Smith	1699	
4863	1	Elizabeth Wombwell		
4863	2	Mary Shuttleworth	1771	
4864	1	Frances Howell	1785	
4872	1	Elizabeth Ferne		
4873	1	Elizabeth Broke	1795	
4873	2	Dorothea Tucker	1803	
4875	1	Mary Kitchingman		
4878	1	Ldy. Frances Carteret	1748	
4886	1	Ldy. Susanna Hussey	1805	
4893	1	Selina Shore Clevland	1777	
4895	1	Miss Hougham		
4895	2	Margaret [Martha] Jordan		
4900	1	Hon. Anne Liddell	1769	
4901	1	Elizabeth Boughton	1769	
4918	1	Ldy. Henrietta Wentworth	1743	
4931	1	Frances Twysden	1770	
4932	1	Ld Henry Stuart	1802	
4933	1	Maria Eleanor Forbes	1791	
4934	1	Ldy. Charlotte Capel	1752	
4935	1	Judith Herne	1705	
4936	1	Mary Muilman-Trench Chiswell	1779	
4950	1	Mary Webb	1714	
4951	1	2nd E. Waldegrave	1759	
4951	2	William Frederick	1766	
4952	1	Cornelia van Lennep	1785	
4966	1	Ldy. Jane Hope	1814	
4968	1	Mary Bernard	1796	
4968	2	Elizabeth Biddulph	1806	
4972	1	Ldy. Bridget Bennet	1716	
4972	2	Hon. Elizabeth Griffin	1741	
4975	1	Ldy. Rachel Cavendish	1748	
4977	1	Margaret Rolle (see Margaret	1724	
4984	1	Hon. Harriet Forrester		
4989	1	Mary Baker	1788	
4993	1	Ldy. Anne Stuart	1764	
4993	2	Frances Burrell	1779	
4997	1	Jane Revel	1758	
4997	2	Frances Bisshopp	1764	
5000	1	Mary Oldbury	1702	
5009	1	Susanna Vaughan	1795	
5013	1	Juliana Copley	1789	
5016	1	Grace Pelham	1752	
5017	1	Mary Elizabeth Milles	1785	
5032	1	Hester Newton	1727	
5033	1	Jane Lloyd		
5033	2	Elizabeth Creed		
5042	1	Elizabeth Vassall	1786	
5043	1	Sir Godfrey Webster	1786	
5043	2	2nd B. Holland	1797	
5044	1	Elizabeth Ramsden	1771	
5045	1	Mary Daes		
5047	1	a dau. of Carlo Rovedino	1790	
5048	1	Mary Brotherton		
5049	1	Hon. Juliana Petre	1763	
5049	2	Mary Anne Smythe	1775	
5055	1	Ldy. Emily Cadogan	1802	
5060	1	Ldy. Elizabeth Sutherland	1757	
5061	1	Frances Erskine	1788	
5066	1	Sir Butler Cavendish Wentworth		
5066	2	John Murray	1748	
5067	1	Elizabeth Lord	1720	
5068	1	Diana Blackett	1720	
5069	1	Susanna Slaughter		
5073	1	Sarah Wren	1774	
5074	1	Ldy. Charlotte MacCarthy	1721	
5074	2	Anne Walker	1744	
5076	1	Frances Balchen		
5083	1	Penelope Tierney	1784	
5086	1	Elizabeth Frances Paine	1775	
5087	1	Elizabeth Jones	1774	
5087	2	Miss Heathcote	1803	
5087	3	Mrs Horneck	1813	
5088	1	Martha Holmes	1715	
5088	2	Theresa O'Beirne	1726	
5089	1	Sarah Whaley	1787	
5094	1	Frances Whitney in Italy		
5096	1	Ldy. Elizabeth Grey	1788	
5111	1	Maria Harvey	1774	
5113	1	Laetitia Rudd	1798	
5119	1	Mary Mead	1747	
5125	1	Anne Catherine Hobart	1784	
5126	1	Miss Thurloe	1735	
5128	1	Mr Heaton		
5129	1	Ldy. Frances Coningsby	1732	
5138	1	Anne Hughes	1799	
5152	1	Dorothy Cartwright	1756	
5154	1	Georgiana Chadwick	1770	
5162	1	Beatrice Egerton	1778	
5162	2	Sarah Harper	1782	
5176	1	Hon. Charlotte de Grey	1769	
5177	1	Sarah Hicks	1749	
5178	1	Cecilia Forrest	1798	
5182	1	Hon. Anne Foley	1776	
5193	1	Sophia Berkeley	1769	
5194	1	Sarah Campbell	1782	
5195	1	Miss O'Driscoll	1725	
5196	1	Rosa O'Neill		
5202	1	Ldy. Anne Belasyse	1791	
5202	2	Eliza Little	1813	
5206	1	Ann Skottowe		
5215	1	Ldy. Elizabeth Noel	1704	
5217	1	Frances Turbutt	1761	
5221	1	Seymour Dorothy Fleming	1775	
5222	1	Ldy. Elizabeth Boyle	1750	
5223	1	Elizabeth Lister	1757	
5229	1	Jane Lascelles	1789	
5230	1	Mary Darell		
5231	1	Mary Edwards	1749	
5231	2	Ellen Thresher	1755	
5236	1	Rebecca Maclane	1796	
5237	1	Catherine Stapleton	1754	
5239	1	Hannah Swift	1773	
5247	1	Maria Arabella Maddock	1805	
5249	1	Hon. Alicia Maria Carpenter	1751	
5250	1	Caroline Hearst	1768	
5256	1	Ldy. Catherine Seymour	1708	
5256	2	Maria de Jong	1734	
5257	1	Frances Harford	1784	
5257	2	Julia Konstancia	after 1822	
5259	1	Jane Wynne	1735	
5261	1	Ldy. Henrietta Somerset	1769	
5261	2	Charlotte Grenville	1771	
5262	1	Capt. Thomas Fremantle	1797	
5263	1	Robert Campbell	1806	
5264	1	Count Rosenberg	1761	
5266	1	Susanna Church		
5266	2	Anna Gazzini	1740	
5267	1	Agathe Camille de Roye [Royer]	1770	
5275	1	Anne Cleeve	1765	
5278	1	Elizabeth Lygon	1762	
5279	1	Ldy. Elizabeth Lindsay	1782	
5284	1	Sarah Lawrence	1777	
5284	2	Barbara Talbot	1793	