Full title,Abbreviation in sources,Abbreviation in dictionary,,Number of entries with the source as January 2023,
"journal of Charles Abbot in Italy 1788; PRO, Colchester MSS 30/9/40",Abbot jnl.MSS,Abbot jnl.MSS,,5,
"Moray of Abercairny MSS; SRO, GD 24/1/",Abercairny MSS,Abercairny MSS,,14,
Archivio di Casa Savoia; BRT,ACS,ACS,,1,
"The Letters of Joseph Addison, ed. W. Graham [1941]",Addison Letters,Addison Letters,,5,
"SRO, GD 25/9",Ailsa MSS,Ailsa MSS,,4,
"P.J. Anderson, Records of the Scots Colleges at Douai, Rome, Madrid, Ratisbon, New Spalding Club, Aberdeen, 19th Rpt. [1906]",Anderson 1906,Anderson 1906,,8,
"I.A. Andrich, De Natione Anglica et Scota, iustarum universitatis Patavinae [Padua 1892]",Andrich,Andrich,,20,
"E. Angelicoussis, The Woburn Abbey Collection of Classical Antiquities, Monumenta Artis Romanae XX [1992]",Angelicoussis,Angelicoussis,,2,
"Notes of several passages ... 1699-1702, and List of Foreign Acquaintance', Cambs.RO, Huntingdon, Manchester dep. of Deeds, box 3 (see J. Black, Studi Piemontesi, 17.1 [1988]:183-6)",Anon.MSS 1699-1702,Anon.MSS 1699-1702,,3,
"advice to a traveller in Italy; Staffs RO, Stafford, Dartmouth MSS, D.1778.v, 1, 112",Anon.MSS c.1752,Anon.MSS c.1752,,2,
"Arundel MSS, Brynmor Jones 
Lib., U. of Hull, DD/EV/6/6",Anon.jnl.MSS 1784,Anon.jnl.MSS 1784,,1,
"Extract of a Tour in Italy in 1792 and 1793 by 4 Ladies', The Antiquary, 33 [1897]: 273-8, 296-9",Anon.Tour 1792-3,Anon.Tour 1792-3,,0,
"Accademia Nazionale di San Luca, Rome, archivio storico Decreti, Congregazioni 1755-60",ANSL 51,ANSL 51,,4,
"Accademia Nazionale di San Luca, Rome, archivio storico Decreti, Congregazioni 1761-65",ANSL 52,ANSL 52,,8,
"Accademia Nazionale di San Luca, Rome, archivio storico Decreti, Congregazioni 1773-79",ANSL 53,ANSL 53,,3,
"Accademia Nazionale di San Luca, Rome, archivio storico Decreti, Congregazioni 1795-1802",ANSL 55,ANSL 55,,2,
"Staffs RO, Stafford, D615/P(S) 1/6/",Anson papers,Anson papers,,N.A.,
"journal of Whaley Armitage in Italy 1790-1; Camb.Trin.Lib., Add.a226, 37(1)-(3)",Armitage jnl.MSS,Armitage jnl.MSS,,11,
"papers of William Artaud; John Rylands Lib., Manchester: journal from Gibraltar toItaly Nov.-Dec.1795 (589550) ",Artaud jnl. MSS,Artaud jnl. MSS,,N.A.,
"papers of William Artaud; John Rylands Lib., Manchester: letters to his father, 26 Jul.1795-29 May 1799 (589551)",Artaud letters MSS,Artaud letters MSS,,24,
"papers of William Artaud; John Rylands Lib., Manchester: draft letters, 17 Mar.1797-24 Feb.1798, to other correspondents (589552)",Artaud letter bk.MSS,Artaud letter bk.MSS,,N.A.,
"Archivio di Stato di Bologna; Assunteria di Magistrati, Principi di passaggio e trattamenti I",ASB AM 118,ASB AM 118,,1,
"Archivio di Stato di Firenze; Accademia del Disegno; Ruolo de ... Accademici ... 1762 ['riddled with innaccuracies, especially with regard to the dates of elections of members'; Wynne 1990, 536]",ASF AD 153,ASF AD 153,,N.A.,
Archivio di Stato di Firenze; Stati delle Anime,ASF SA,ASF SA,,0,
"Archivio di Stato di Firenze; Segreteria degli Esteri; Carteggio con Mann, Ministro d'Inghilterra 1737-70",ASF SE 2300,ASF SE 2300,,22,
Archivio di Stato di Firenze; Segreteria degli Esteri; Carteggio con Ministri esteri residenti in Toscana 1766-97,ASF SE 2340,ASF SE 2340,,14,
Archivio di Stato di Firenze; Segreteria degli Esteri; Registro dei passaporti e visti 1758-89,ASF SE 2741,ASF SE 2741,,2,
Archivio di Stato di Genova; Archivio segreto; libro VI dei Cerimoniali 1705-26,ASG AS 479,ASG AS 479,,2,
Archivio di Stato di Genova; Finanza pubblica; Forestieri 1708,ASG FP 2648,ASG FP 2648,,1,
Archivio di Stato di Genova; Finanza pubblica; Forestieri 1744,ASG FP 2670,ASG FP 2670,,,
Archivio di Stato di Genova; Giunta di Marina; Consoli nazionali ed esteri 1707-80,ASG/GM 6-10,ASG/GM 6,,2,
Archivio di Stato di Genova; Giunta di Marina; Consoli nazionali ed esteri 1707-80,ASG/GM 6-10,ASG/GM 7,,2,
Archivio di Stato di Genova; Giunta di Marina; Consoli nazionali ed esteri 1707-80,ASG/GM 6-10,ASG/GM 8,,0,
Archivio di Stato di Genova; Giunta di Marina; Consoli nazionali ed esteri 1707-80,ASG/GM 6-10,ASG/GM 9,,,
Archivio di Stato di Genova; Giunta di Marina; Consoli nazionali ed esteri 1707-80,ASG/GM 6-10,ASG/GM 10,,,
Archivio di Stato di Genova; Giunta di Marina; Consoli nazionali ed esteri 1783-97,ASG/GM 12,ASG/GM 12,,1,
Archivio di Stato di Genova; Ufficio di sanita; Registrazioni di spedizioni dei capitani e patenti 1739,ASG US 1819,ASG US 1819,,,
Archivio di Stato di Livorno; Comunita 1764-5,ASL C 165,ASL C 165,,1,
"Archivio di Stato di Livorno; Governo (protocolli, repertori, indici 1765-1808): A-K",ASL G 1214-1217,ASL G 1214,,3,
"Archivio di Stato di Livorno; Governo (protocolli, repertori, indici 1765-1808): A-K",ASL G 1214-1217,ASL G 1215,,6,
"Archivio di Stato di Livorno; Governo (protocolli, repertori, indici 1765-1808): A-K",ASL G 1214-1217,ASL G 1216,,2,
"Archivio di Stato di Livorno; Governo (protocolli, repertori, indici 1765-1808): A-K",ASL G 1214-1217,ASL G 1217,,2,
Archivio di Stato di Lucca; Magistrato de' Segretari,ASLU MS,ASLU MS,,1,
"Archivio di Stato di Lucca; Offizi sui Ricevimenti di Principi, ... 1606-1796",ASLU OR 13,ASLU OR 13,,1,
"Archivio di Stato di Lucca; Offizi sui Ricevimenti di Principi, ... repertorio",ASLU OR 14,ASLU OR 14,,3,
Archivio di Stato di Milano; Potenze estere: Inghilterra 1768-1846,ASM PE 53,ASM PE 53,,4,
"Archivio di Stato di Napoli; Ministro Affari Esteri, Legazione del Governo Inglese
a Napoli 1789-90",ASN E 673,ASN E 673,,13,
"Archivio di Stato di Napoli; Ministro Affari Esteri, Legazione del Governo Inglese a Napoli 1795-7",ASN E 674,ASN E 674,,29,
"Archivio di Stato di Napoli, Ministro Affari Esteri, Ministri esteri-Inghilterra
1764-6",ASN E 679,ASN E 679,,7,
"Archivio di Stato di Napoli; Ministro Affari Esteri, Legazione del Governo Inglese a Napoli 1771-87",ASN E 681-4,ASN E 681,,1,
"Archivio di Stato di Napoli; Ministro Affari Esteri, Legazione del Governo Inglese a Napoli 1771-87",ASN E 681-4,ASN E 682,,16,
"Archivio di Stato di Napoli; Ministro Affari Esteri, Legazione del Governo Inglese a Napoli 1771-87",ASN E 681-4,ASN E 683,,15,
"Archivio di Stato di Napoli; Ministro Affari Esteri, Legazione del Governo Inglese a Napoli 1771-87",ASN E 681-4,ASN E 684,,13,
Archivio di Stato di Napoli; Casa Reale Antica; Passaporti 1752-4,ASN CRA 1257,ASN CRA 1257,,74,
Archivio di Stato di Napoli; Casa Reale Antica; Passaporti 1762-6,ASN CRA 1258        ,ASN CRA 1258        ,,5,
Archivio di Stato di Napoli; Casa Reale Antica; Passaporti 1771-4,ASN CRA 1259        ,ASN CRA 1259        ,,63,
Archivio di Stato di Napoli; Casa Reale Antica; Passaporti 1761-6,ASN CRA 1277       ,ASN CRA 1277       ,,44,
"Archivio di Stato di Roma; camerale II; Antichità e Belle Arti, 113/6; Scavi Roma 1756-68",ASR ABA 4,ASR ABA 4,,N.A.,
"Archivio di Stato di Roma; camerale II; Antichità e Belle Arti, 113/6; Permessi di esportazione",ASR ABA 11-16,ASR ABA 11,,18,
"Archivio di Stato di Roma; camerale II; Antichità e Belle Arti, 113/6; Permessi di esportazione",ASR ABA 11-16,ASR ABA 12,,10,
"Archivio di Stato di Roma; camerale II; Antichità e Belle Arti, 113/6; Permessi di esportazione",ASR ABA 11-16,ASR ABA 13,,7,
"Archivio di Stato di Roma; camerale II; Antichità e Belle Arti, 113/6; Permessi di esportazione",ASR ABA 11-16,ASR ABA 14,,3,
"Archivio di Stato di Roma; camerale II; Antichità e Belle Arti, 113/6; Permessi di esportazione",ASR ABA 11-16,ASR ABA 15,,0,
"Archivio di Stato di Roma; camerale II; Antichità e Belle Arti, 113/6; Permessi di esportazione",ASR ABA 11-16,ASR ABA 16,,0,
"Archivio di Stato di Roma; Civitavecchia, Atti del Consolato del Mare MSS 1747-54",ASR C 1022,ASR C 1022,,N.A.,
"Archivio di Stato di Roma; Civitavecchia, Atti del Consolato del Mare MSS 1768-76",ASR C 1023-5,ASR C 1023,,N.A.,
"Archivio di Stato di Roma; Civitavecchia, Atti del Consolato del Mare MSS 1768-76",ASR C 1023-5,ASR C 1024,,N.A.,
"Archivio di Stato di Roma; Civitavecchia, Atti del Consolato del Mare MSS 1768-76",ASR C 1023-5,ASR C 1025,,N.A.,
"Archivio di Stato di Roma; camerale II, Consolati; Ancona 1770-94",ASR CO iv,ASR CO iv,,N.A.,
"Archivio di Stato di Roma; camerale II, Consolati; Civitavecchia 1770-94",ASR CO v,ASR CO v,,1,
"Archivio di Stato di Roma; camerale III, Teatri, Feste religiosi",ASR TF,ASR TF,,N.A.,
"William Assheton, 'List of People seen since leaving England 18th June 1783'; priv.coll.",Assheton list MSS,Assheton list MSS,,24,
"Archivio di Stato di Torino (sez.1); Istruzione pubblica, Accademia reale (mazz.1)",AST AR,AST AR,,2,
Archivio di Stato di Torino (sez.1); Carteggio Diplomatico,AST CD,AST CD,,5,
"Archivio di Stato di Torino (sez.1); Corti estere, Toscana 
(mazz.4 di 2a add.)",AST CE,AST CE,,8,
"Archivio di Stato di Torino (sez.1); Cerimoniale, Funzioni diverse, mazz.1 d'add. (nota dei forestieri presentati a corte 1779-86)",AST CF,AST CF,,31,
"Archivio di Stato di Torino (sez.1); Cerimoniale, Inghilterra 
(mazz.1 d'add.)",AST CI,AST CI,,2,
Archivio di Stato di Torino (sez.1); Lettere particolari,AST LP,AST LP,,1,
"Archivio di Stato di Venezia; Inquisitori di Stato, Lettere ai Rettori di Padova",ASV IS 72,ASV IS 72,,N.A.,
"Archivio di Stato di Venezia; Inquisitori di Stato, Minuti e memorie del Segretario 1778-9",ASV IS 203,ASV IS 203,,N.A.,
"Archivio di Stato di Venezia; Inquisitori di Stato, Dispacci dai Rettori di Bergamo 1791-3 ",ASV IS 224,ASV IS 224,,2,
"Archivio di Stato di Venezia; Inquisitori di Stato, Dispacci dai Rettori di Bergamo 1794-95",ASV IS 225-6,ASV IS 225,,4,
"Archivio di Stato di Venezia; Inquisitori di Stato, Dispacci dai Rettori di Bergamo 1794-95",ASV IS 225-6,ASV IS 225-6,,,
"Archivio di Stato di Venezia; Inquisitori di Stato, Dispacci dai Rettori di Bergamo 1795",ASV IS 227,ASV IS 227,,2,
"Archivio di Stato di Venezia; Inquisitori di Stato, Dispacci dai Rettori di Bergamo 1796-7",ASV IS 228,ASV IS 228,,N.A.,
"Archivio di Stato di Venezia; Inquisitori di Stato, Senato, Dispacci: Roma",ASV IS 284,ASV IS 284,,N.A.,
"Archivio di Stato di Venezia; Inquisitori di Stato, Senato, Dispacci, Corti",ASV IS 319,ASV IS 319,,N.A.,
"Archivio di Stato di Venezia; Inquisitori di Stato, Note dei forestieri: Venezia 1766-Feb.1797 ",ASV IS 759-781,ASV IS 759,,N.A.,as 759-781 there are 26 matches 
"Archivio di Stato di Venezia; Inquisitori di Stato, Note dei forestieri: Venezia 1766-Feb.1797 ",ASV IS 759-781,ASV IS 760,,N.A.,
"Archivio di Stato di Venezia; Inquisitori di Stato, Note dei forestieri: Venezia 1766-Feb.1797",ASV IS 759-781,ASV IS 761,,N.A.,
"Archivio di Stato di Venezia; Inquisitori di Stato, Note dei forestieri: Venezia 1766-Feb.1797",ASV IS 759-781,ASV IS 762,,N.A.,
"Archivio di Stato di Venezia; Inquisitori di Stato, Note dei forestieri: Venezia 1766-Feb.1797",ASV IS 759-781,ASV IS 763,,N.A.,
"Archivio di Stato di Venezia; Inquisitori di Stato, Note dei forestieri: Venezia 1766-Feb.1797",ASV IS 759-781,ASV IS 764,,N.A.,
"Archivio di Stato di Venezia; Inquisitori di Stato, Note dei forestieri: Venezia 1766-Feb.1797",ASV IS 759-781,ASV IS 765,,N.A.,
"Archivio di Stato di Venezia; Inquisitori di Stato, Note dei forestieri: Venezia 1766-Feb.1797",ASV IS 759-781,ASV IS 766,,N.A.,
"Archivio di Stato di Venezia; Inquisitori di Stato, Note dei forestieri: Venezia 1766-Feb.1797",ASV IS 759-781,ASV IS 767,,N.A.,
"Archivio di Stato di Venezia; Inquisitori di Stato, Note dei forestieri: Venezia 1766-Feb.1797",ASV IS 759-781,ASV IS 768,,N.A.,
"Archivio di Stato di Venezia; Inquisitori di Stato, Note dei forestieri: Venezia 1766-Feb.1797",ASV IS 759-781,ASV IS 769,,N.A.,
"Archivio di Stato di Venezia; Inquisitori di Stato, Note dei forestieri: Venezia 1766-Feb.1797",ASV IS 759-781,ASV IS 770,,N.A.,
"Archivio di Stato di Venezia; Inquisitori di Stato, Note dei forestieri: Venezia 1766-Feb.1797",ASV IS 759-781,ASV IS 771,,N.A.,
"Archivio di Stato di Venezia; Inquisitori di Stato, Note dei forestieri: Venezia 1766-Feb.1797",ASV IS 759-781,ASV IS 772,,N.A.,
"Archivio di Stato di Venezia; Inquisitori di Stato, Note dei forestieri: Venezia 1766-Feb.1797",ASV IS 759-781,ASV IS 773,,N.A.,
"Archivio di Stato di Venezia; Inquisitori di Stato, Note dei forestieri: Venezia 1766-Feb.1797",ASV IS 759-781,ASV IS 774,,N.A.,
"Archivio di Stato di Venezia; Inquisitori di Stato, Note dei forestieri: Venezia 1766-Feb.1797",ASV IS 759-781,ASV IS 775,,N.A.,
"Archivio di Stato di Venezia; Inquisitori di Stato, Note dei forestieri: Venezia 1766-Feb.1797",ASV IS 759-781,ASV IS 776,,N.A.,
"Archivio di Stato di Venezia; Inquisitori di Stato, Note dei forestieri: Venezia 1766-Feb.1797",ASV IS 759-781,ASV IS 777,,N.A.,
"Archivio di Stato di Venezia; Inquisitori di Stato, Note dei forestieri: Venezia 1766-Feb.1797",ASV IS 759-781,ASV IS 778,,N.A.,
"Archivio di Stato di Venezia; Inquisitori di Stato, Note dei forestieri: Venezia 1766-Feb.1797",ASV IS 759-781,ASV IS 779,,N.A.,
"Archivio di Stato di Venezia; Inquisitori di Stato, Note dei forestieri: Venezia 1766-Feb.1797",ASV IS 759-781,ASV IS 780,,N.A.,
"Archivio di Stato di Venezia; Inquisitori di Stato, Note dei forestieri: Venezia 1766-Feb.1797",ASV IS 759-781,ASV IS 781,,N.A.,
"Archivio di Stato di Venezia; Inquisitori di Stato, Note dei forestieri: Bassano, Bergamo, Brescia, Padua, Verona,Vicenza, etc., 1794-97",ASV IS 782-83,ASV IS 782,,N.A.,
"Archivio di Stato di Venezia; Inquisitori di Stato, Note dei forestieri: Bassano, Bergamo, Brescia, Padua, Verona,Vicenza, etc., 1794-97",ASV IS 782-83,ASV IS 783,,N.A.,
"Archivio di Stato di Venezia; Inquisitori di Stato, Teatri 1665-1797",ASV IS 914,ASV IS 914,,N.A.,
"Archivio di Stato di Venezia; Inquisitori di Stato, Atti vari [ inc. Licenze per
visitar l'Arsenal 1772-9 and Elenchi di navi 1702]",ASV IS 919,ASV IS 919,,N.A.,
,,,,1,
"Archivio di Stato di Verona; Ufficio di Sanita', Contumacie civili e militari 1738-44",ASVR US XXXVII-IX,ASVR US XXXVII,,,
"Archivio di Stato di Verona; Ufficio di Sanita', Contumacie civili e militari 1738-44",ASVR US XXXVII-IX,ASVR US XXXVIII,,1,
"Archivio di Stato di Verona; Ufficio di Sanita', Contumacie civili e militari 1738-44",ASVR US XXXVII-IX,ASVR US XXXIX,,3,
priv.coll. (inc. letters to Lady Bruce from Italy 1794-7),Attingham MSS,Attingham MSS,,36,
"Archivio del Vicariato, S.Giovanni in Laterano, Rome; Liber Mortuorum",AVR LM,AVR LM,,2,
"Archivio del Vicariato, S.Giovanni in Laterano, Rome; Stati delle Anime",AVR SA,AVR SA,,361,
"Badminton House, Glos.",Badminton MSS,Badminton MSS,,13,
"The Household Book of Lady Grisell Baillie 1693-1733, ed. R. Scott-Moncrieff, Scots.Hist.Soc., n. ser. 1[1911]","Baillie, Household Bk.","Baillie, Household Bk.",,13,
"letters from Charles Baldwyn to his cousin Adam Ottley, in Shropshire Archaeological and Natural Hist.Soc. Trans., 4th ser. 2[1912]:347-79",Baldwyn Letters,Baldwyn Letters,,20,
priv.coll. (NRA 14146),Balfour of Fernie MSS,Balfour of Fernie MSS,,3,
"Henry Bankes, letters to his mother from Italy 1778-80 and 1782 and diaries of his grand tour 1778-80; Kingston Lacy Mss, Dorset RO, Dorchester, on deposit from the National Trust (notes from A. Cleminson in RBF)",Bankes MSS,Bankes MSS,,23,
"Henry Alton Barker, journals and sketchbooks 1799-1805; NLS, MS.9647",Barker jnl.MSS,Barker jnl.MSS,,2,
"letters from Miles Barne in Italy 1771; Suffolk RO, Ipswich, HA53:359/130, 114, 109, 110.",Barne letters MSS,Barne letters MSS,,1,
"letters from Thomas Barrett in
 Italy 1749-50 to Nicholas Hardinge; Essex RO, Chelmsford, D'DL C43/3/224-8",Barrett-Lennard MSS,Barrett-Lennard MSS,,4,
"BL [formerly Suffolk RO, HA 174/1026/68]",Barrington MSS,Barrington MSS,,1,
"The Works of James Barry, Historical Painter, 2 vols. [1809]","Barry, Works","Barry, Works",,9,
list of works of art acquired by Stephen Beckingham from Italy [1752-]; priv.coll.,Beckingham list MSS,Beckingham list MSS,,3,
"Corrispondenza di Alberigo Barbiano di Belgioioso con diversi 1759-96; Archivio Storico Civico e Biblioteca Trivulziana, Milan",Belgioioso Letters,Belgioioso Letters,,6,
"C.F. Bell, Annals of Thomas Banks [1938]","Bell, Banks","Bell, Banks",,34,
"journal of Mrs Sarah Bentham in Italy 1793-4; PRO, Colchester MSS, 30/9/ 43, 44",Bentham jnl.MSS,Bentham jnl.MSS,,60,
"letters from Willem Bentinck in Italy 1727-8, to his mother, the Countess of Portland; BL, Eg.1711",Bentinck letters MSS,Bentinck letters MSS,,3,
"The Works of George Berkeley, ed. A.A. Luce and T.E. Jessop vol.7, Berkeley's Journals of Travels in Italy [1955], 231-333","Berkeley Jnls.
","Berkeley Jnls.
",,6,
"The Works of George Berkeley, ed. A.A. Luce and T.E. Jessop vol.8, Letters [1956]",Berkeley Letters,Berkeley Letters,,6,
"letters from Moses Bernege in Italy 1727-8 with Willem Bentinck, to the Countess of Portland; BL, Eg.1711",Bernege letters MSS,Bernege letters MSS,,14,
"Extracts from the Journals and Correspondence of Miss Berry 1783-1852, ed. by Lady Theresa Lewis, 3 vols. [1866 ed.]",Berry Jnls.,Berry Jnls.,,21,
"A. Bertolotti, 'Esportazione di oggetti di Belle Arti da Roma nei secoli XVII e XVIII' in Fabio Gori, Archivio Storico Artistico
Archeologico e Letterario della Citta e Provincia di Roma, 2[1877]:212-24","Bertolotti, 2","Bertolotti, 2:",,11,
"A. Bertolotti, 'Esportazione di oggetti di Belle Arti da Roma nei secoli XVII e XVIII' in Fabio Gori, Archivio Storico Artistico
Archeologico e Letterario della Citta e Provincia di Roma, 4[1880]:74-90","Bertolotti, 4","Bertolotti, 4:",,23,
"J. Black, 'The Grand Tour and Savoy-Piedmont in the Eighteenth Century', Studi Piemontesi, 13.1[1984]:140-62",Black 1984,Black 1984,,5,
"J. Black, The British and the Grand Tour [1985]",Black 1985,Black 1985,,4,
"J. Black, The British Abroad. The Grand Tour in the Eighteenth Century [1992]",Black 1992,Black 1992,,22,
"F. Blackburne, Memorials of Thomas Hollis [1780]",Blackburne 1780,Blackburne 1780,,N.A.,
"letters from William Blackett in Italy to his father 1785; Northumb RO, Newcastle, ZBL 239",Blackett letters MSS,Blackett letters MSS,,17,
"travel diary of Sir Charles Blagden in Italy 1792-3: the Geneva portion only pub. Notes and Records, R. Soc. of London, 8.1[1950]:65ff.",Blagden Jnl.,Blagden Jnl.,,10,
"Some Letters of Sir Charles Blagden' in Italy 1792-3, Notes and Records, R. Soc.of London, 8.2 [1951]:254-60",Blagden Letters,Blagden Letters,,3,
"N. Hardwick, The Grand Tour, Letters Letters and Accounts relating to the Travels through Europe of the Brothers William and John Blathwayt of Dyrham Park 1705 -08, [1985] (Mss in Glos. RO., Gloucester, D17 99/q [letters];D1799/A 325 [accts.and recpts.])",Blathwayt Letters,Blathwayt Letters,,8,
"Carteggio Bodoni, corr. of G .B. Bodoni (1740-1813); BPP",Bodoni cart.,Bodoni cart.,,14,
newspaper of Bologna,Bologna [newspaper],Bologna [newspaper],,4,
"A.T. Bolton ed., The Portrait of Sir John Soane R.A., Set forth in Letters from his Friends (1775-1837) [1928]","Bolton, Soane","Bolton, Soane",,8,
"F. Borroni Salvadori, 'Francesco Maria Niccolò Gabburri e gli artisti contemporanei', Annali della Scuola Normale Superiore di Pisa, Classe di Lettere e Filosofia [1974]:1503-64",Borroni 1947a,Borroni 1947a,,N.A.,
"F. Borroni Salvadori, 'Le esposizioni d' arte a Firenze dal 1674 al 1767', Mitteilungen des Kunst.Inst. in Florenz, 18[1974]:1-165",Borroni 1947b,Borroni 1947b,,N.A.,
"F. Borroni Salvadori, 'Memorialisti e diaristi a Firenze nel periodo Leopardino 1765-90. Spigolature d'arte e di costume', Annali della Scuola Normale Superiore di Pisa, Classe di Lettere e Filosofia [1979], 1189-1291
",Borroni 1979,Borroni 1979,,4,
"F. Borroni Salvadori, 'Ignazio Enrico Hugford', Annali della Scuola Normale Superiore di Pisa, Classe di Lettere e Filosofia [1983], 1025-56",Borroni 1983a,Borroni 1983a,,2,
"F. Borroni Salvadori, 'Personaggi inglesi inseriti nella vita del '700: Lady Walpole e il suo ambiente', Mitteilungen des Kunst.Inst.in Florenz, 27[1983]: 83-124",Borroni 1983b,Borroni 1983b,,3,
"F. Borroni Salvadori, 'A passo a passo dietro a Giuseppe Bencivenni Pelli al tempo della Galleria', Rassegna Storica Toscana, 29.1[1983]:3-53 and 29.2[1983]:154-205
",Borroni 1983c,Borroni 1983c,,1,
"F. Borroni Salvadori, 'In Galleria gli artisti e i viaggiatori del Settecento contribuiscono a diffondere il mito di Raffaello', Rassegna Storica Toscana, 30.1[1984]:21-59
",Borroni 1984,Borroni 1984,,3,
"F. Borroni Salvadori, 'Artisti e viaggiatori agli Uffizi nel Settecento 1', Labyrinthos, 4, 7/8 [1985]:3-72",Borroni 1985,Borroni 1985,,18,
"F. Borroni Salvadori, 'Artisti e viaggiatori agli Uffizi nel Settecento 2', Labyrinthos, 10[1986]: 38-92",Borroni 1986,Borroni 1986,,17,
"F. Borroni Salvadori, 'Artisti e viaggiatori agli Uffizi nel Settecento 3', Labyrinthos, 12[1987]: 93-156",Borroni 1987,Borroni 1987,,21,
"F. Borroni Salvadori, 'Artisti e viaggiatori agli Uffizi nel Settecento 4', Labyrinthos, 17/18[1990]: 199-224",Borroni 1990,Borroni 1990,,,
"F. Borroni Salvadori, 'Artisti e viaggiatori agli Uffizi nel Settecento 5', Labyrinthos, 19/20[1991]: 227-72",Borroni 1991,Borroni 1991,,5,
"Boswell on the Grand Tour: Italy, Corsica, and France 1765-1766, ed. F. Brady and EA. Pottle [1955] ","Boswell, Italy","Boswell, Italy",,41,
"letters from Thomas Brand (c.1751-1814) in Italy 1783-4, 1787 and 1790-4; HMC Ailesbury, 249-61",Brand letters MSS A,Brand letters MSS A,,2,
"letters from Thomas Brand (c.1751-1814) in Italy 1783-4, 1787 and 1790-4; to his sister Susan Brand (later Mrs Carr); CUL, Add.8670/1-40",Brand letters MSS C,Brand letters MSS C,,10,
"letters from Thomas Brand (c.1751-1814) in Italy 1783-4, 1787 and 1790-4; to the Rev Robert Wharton; Durham U. Lib., Wharton MSS",Brand letters MSS D,Brand letters MSS D,,8,
"letters from Thomas Brand (c.1751-1814) in Italy 1783-4, 1787 and 1790-4; to Mrs Carr with one to the Rev J. Hall (12 Sep.1791) and one to the Rev Mr Carr (18 Jun.1791); NLS, Brand MSS, acc.10061",Brand letters MSS E,Brand letters MSS E,,7,
"J. Kenworthy-Browne, 'Matthew Brettingham's Rome Account Book 1747-54: Wal.Soc., 49[1983]: 37-132",Brettingham 1983,Brettingham 1983,,4,
"H. Brigstocke, William Buchanan and the 19th century Art Trade [1982] ","Brigstocke, Buchanan","Brigstocke, Buchanan",,2,
"G.P. Brizzi, 'La pratica del viaggio d'istruzione in Italia nel Sei- Settecento', Annali dell' Istituto storico italo-germanico in Trento, 2[1976]: 203-91 ",Brizzi 1976,Brizzi 1976,,6,
"Southampton U., Hartley Lib., MS 62 [contents of the archive is described in Connell 1957, 466-73]",Broadlands MSS,Broadlands MSS,,21,
"N. Brooke, Observations on the Manners and Customs of Italy [1798]","Brooke, Observations","Brooke, Observations",,10,
"H.F. Brown, Inglesi e Scozzesi all' Universita di Padova dall' anno 1618 sino al 1765 [1921] ",Brown 1921,Brown 1921,,640,
"W. Buchanan, Memoirs of Painting, 2 vols. [1824]",Buchanan 1824,Buchanan 1824,,7,
Burghley House ,Burghley MSS,Burghley MSS,,2,
"Correspondence of the Rt.Hon. Edmund Burke, ed. Earl Fitzwilliam, and Sir R. Bourke, 4 vols. [1844] ",Burke Corr.,Burke Corr.,,2,
The Burlington Magazine,Burl.Mag.,Burl.Mag.,,87,
"C. Burney, The Present State of Music in France and Italy: or, the Journal of a Tour through those Countries, undertaken to collect Materials for a General History of Music [2nd ed. 1773] ","Burney, Tour","Burney, Tour",,20,
"H. Gordon Slade, 'James Byres of Tonley 1734-1817, The Aberdeen Years', Deeside Field,19[1987]:130-39",Byres 1987,Byres 1987,,6,
"D. Ridgway, 'James Byres and the ancient State of Italy: unpublished documents in Edinburgh', Istituto di studi Etruschi e Italici, secondo congresso internazioriale Etrusco, Atti, 1:213-29",Byres 1989,Byres 1989,,2,
"letters from James Byres in Rome to William Constable 1766-74; Humberside Co. Archives, Beverley; Chichester-Constable MSS, DD/CC/145/6 ",Byres letters MSS C,Byres letters MSS C,,31,
"letters from James Byres in Rome to Philip Yorke 1779-84; PRO NI, Caledon Castle Mss, 0433/69/ ",Byres letters MSS Y,Byres letters MSS Y,,7,
"business papers of Patrick Moir acting for James Byres; includes May 1790 inventory of Byres's house in Rome; NLS, Moir/Byres MSS, deposit 184B",Byres MSS,Byres MSS,,24,
"letters from Francis Canning in Italy 1793; Glos.RO, Gloucester, D2857/2/16 ",Canning letters MSS,Canning letters MSS,,,
"correspondence of Antonio Canova; Biblioteca Civica, Bassano del Grappa",Canoviani MSS,Canoviani MSS,,,
"letters from Henry Carr in Italy 1739-40, and from John and Harriet Carr in Italy 1791-4; Northumb. RO, Newcastle, Carr-Ellison MSS, 855/B4 ",Carr letters MSS,Carr letters MSS,,,
Mrs Mary Carter's Letters [1860],Carter Letters,Carter Letters,,,
"correspondence of 1st Baron Cawdor; Carmarthen RO, Cawdor MSS, box 129 ",Cawdor MSS,Cawdor MSS,,,
"G.E. C[okayne], Complete Baronetage ",CB,CB,,,
"W.H. Chaloner, 'The Egertons in Italy and the Netherlands, 1729-34. With two unpublished letters from Joseph Smith, sometime H.M. Consul at Venice', Bull.of the John Rylands Lib., 32[1950] :157-70 ",Chaloner 1950,Chaloner 1950,,,
RIA,Charlemont MSS,Charlemont MSS,,,
"Chesterfield (4th Earl of), Letters, ed. B. Dobrée, 6 vols. [1932] ","Chesterfield, Letters","Chesterfield, Letters",,,
"Humphrey Chetham's Journal 1702-12; Chetham Library, Manchester, Chetham MSS, no.8",Chetham jnl.MSS,Chetham jnl.MSS,,,
"Humberside Co.Archives, Beverley",Chichester-Constable MSS,Chichester-Constable MSS,,,
Country Life,CL,CL,,,
"A.M. Clark, ed. E.P. Bowron, Pompeo Batoni [1985] [ref. to cat.nos.]",Clark/Bowron,Clark/Bowron,,,
"Rev W. Otter, The Life and Remains of Edward Daniel Clarke, 2 vols. [1825] ","Clarke, Life","Clarke, Life",,,
"SRO, GD 18; correspondence of Alexander and Sir John Clerk 1733-7 (4564), letters from Robert Adam 1754-7 (4745-4839), James Adam 1760-63 (4861-4957), and John Clerk 1768-70 (5494) ",Clerk of Penicuik MSS,Clerk of Penicuik MSS,,,
"journal of James Clitherow in Italy 1789-90, formerly coll. F.J.B. Watson ",Clitherow jnl.MSS,Clitherow jnl.MSS,,,
"journal of Capt.William Cochrane in Italy 1794-6; Edinburgh U.Lib., Laing MSS 792",Cochrane jnl.MSS,Cochrane jnl.MSS,,,
account book of Thomas Coke's expenses 1714-18 kept by Edward Jarrett; Holkham MS 733 and 734,Coke accts.MSS,Coke accts.MSS,,,
"Lady Mary Coke, Letters and Journals, 1756-74, 4 vols.[1889-96]",Coke Letters,Coke Letters,,,
"Christian Cole, Historical and Political Memoirs [ 1735] ","Cole, Memoirs","Cole, Memoirs",,,
"The History of Parliament. The House of Commons 1715-54, ed. R. Sedgwick, 2 vols. [1970]",Commons 1,Commons 1,,,
"The History of Parliament. The House of Commons 1754-90, ed. L. Namier and J. Brooke, 3 vols. [1964]",Commons 2,Commons 2,,,
"The History of Parliament. The House of Commons 1790-1820, ed. R.G. Thorne, 5 vols. [1986]",Commons 3,Commons 3,,,
"Castle Ashby, Northants",Compton MSS,Compton MSS,,,
"B. Connell, Portrait of a Whig Peer, compiled from the papers of the Second Viscount Palmerston 1739-1802 [1957] ",Connell 1957,Connell 1957,,,
"W.G. Constable, John Flaxman [1927]","Constable, Flaxman","Constable, Flaxman",,,
"W.G. Constable, Richard Wilson [1953]","Constable, Wilson","Constable, Wilson",,,
"W.G. Constable, J.G. Links, Canaletto, 2 vols. [1976] ",Contstable-Links,Contstable-Links,,,
"Letters and Papers of John Singleton Copley and Henry Pelham 1739-76, Mass.Hist.Soc. [1914] ","Copley, Letters","Copley, Letters",,,
"Letters from Italy in the years 1754 and 1755, by the late right Honourable John Earl of Corke and Orrery [1773] ",Cork Letters,Cork Letters,,,
"journal of John Cotes in Italy 1772; Pitchford MSS, priv.coll.",Cotes jnl.MSS,Cotes jnl.MSS,,,
"La Cour des Stuarts à Saint- Germain-en-Laye au temps de Louis XIV, exh.cat., Saint-Germain-en-Laye [1992] ",Cour de Stuarts 1992,Cour de Stuarts 1992,,,
"Coutts Bank, London; MSS letter books ",Coutts ledgers,Coutts ledgers,,,
"journal of Peter Cowling in Italy 1786; CUL, Palmer MSS, C/4 (original), C/5 (fair copy with sketches and later notes) ",Cowling jnl.MSS,Cowling jnl.MSS,,,
"G.E.C[okayne], The Complete Peerage",CP,CP,,,
"L.Cust, History of the Society of Dilettanti [1898]",Cust,Cust,,,
Dictionary of American Biography ,DAB,DAB,,,
"NLS, acc.7228",Dalrymple of Newhailes MSS,Dalrymple of Newhailes MSS,,,
"journal of William Danby in Italy 1788-9; N. Yorks.RO, Northallerton, ZS [microfilm no.2291, frames 2819-77] ",Danby jnl.MSS,Danby jnl.MSS,,,
"letters from George and Nathaniel Dance in Italy 1760-63 to their family; RIBA, MSS DA FAM/1/3. ",Dance letters MSS,Dance letters MSS,,,
"H. Colvin, Dictionary of British Architects [3rd ed. 1995]",DBA,DBA,,,
"R. Gunnis, Dictionary of British Sculptors [rev. ed. 1968]",DBS,DBS,,,
"Président Charles de Brosses, Lettres familières écrites d'Italie en 1739 et 1740 [1880] ",de Brosses 1880,de Brosses 1880,,,
"J.Dennistoun, Memoirs of Sir Robert Strange ... and ... Andrew Lumisden, 2 vols. [1855]",Dennistoun,Dennistoun,,,
"journal of Thomas de Grey in Italy 1770-71; Norfolk RO, Norwich, Walsingham (Merton) coll., LXX/3 ",de Grey jnl.MSS,de Grey jnl.MSS,,,
"list of people met in Italy 1770-71 by Thomas de Grey; Norfolk RO, Norwich, Walsingham (Merton) coll., LVIII/2 ",de Grey list MSS,de Grey list MSS,,,
"Notizie dei due secoli XVIII e XIX spettanti alla citta di Vicenza raccolte da me Giuseppe Dian; Biblioteca Bertoliana, Vicenza, MS. Ganz.20.10.2 (2959) ",Dian,Dian,,,
newspaper of Rome; BAV ,Diario Ordinario,Diario Ordinario,,,
[Sir] John Dick correspondence; priv.coll. (notes taken by RBF 1967) ,Dick corr. MSS,Dick corr.MSS,,,
letters from Kenelm Digby on his grand tour 1789-90 to his  brother Wriothesley; lent to Birmingham Ref.Lib. [1971] ,Digby letters MSS,Digby letters MSS,,,
"Society of Dilettanti MSS, deposited with the Society of Antiquaries, London ",Dilettanti MSS,Dilettanti MSS,,,
Dictionary of National Biography ,DNB,DNB,,,
"account of a tour in Italy 1750-52 by Francis Drake (1721--95); Magd.Oxf., MSS 246, 247",Drake jnl. MSS,Drake jnl.MSS,,,
"letters from William Drake jr. in Italy to his family, Sep.1768- Oct.1769; Bucks RO, Aylesbury, D/DR/8/2; and letters from Dr Townson to William Drake sr., Oct.1768-Sep.1769; D/DR/8/3 ",Drake letters MSS,Drake letters MSS,,,
"A. Drummond, Travels through different cities of Germany, Italy, Greece, & several parts of Asia as far as the Euphrates: in a series of letters [1754] ","Drummond, Travels","Drummond, Travels",,,
"P.dlR. du Prey, John Soane's Architectural Education [1977]","du Prey, Soane 1977","du Prey, Soane 1977",,,
"P.dlR. du Prey, John Soane, the making of an Architect [1982]","du Prey, Soane 1982","du Prey, Soane 1982",,,
"[L. Du tens], Memoirs of a Traveller, now in retirement. written by himself, interspersed with Historical, Literary, and Political Anecdotes relative to Many of the Principal Personages of the present age. Translated from the French, under the supervision of the author, 5 vols. [1806] ","Dutens, Memoirs","Dutens, Memoirs",,,
"E. Edwards, Anecdotes of Painters ... in England [1808]",Edwards 1808,Edwards 1808,,,
"Lord Elcho [David Wemyss], Short Account of the Affairs of Scotland 1744, 1745, 1746, ed. E. Charteris [ 1907] ","Elcho, Short Account","Elcho, Short Account",,,
"Life and Letters of Sir Gilbert Elliot from 1751 to 1806, ed. Countess of Minto, 3 vols. [1874]",Elliot Letters,Elliot Letters,,,
Gateshead Central Lib.,Elliot MSS,Elliot MSS,,,
"H. von Erffa and A. Staley, The Paintings of Benjamin West [1986] ",Erffa/Staley,Erffa/Staley,,,
"The Diary of Joseph Farington 1793-1821, 16 vols., ed. K. Garlick and A. Macintyre (1-6), K. Cave (7-16) [1978-84] ",Farington Diary,Farington Diary,,,
"journal of Sir William Farington on a continental tour 1765; Lancs. RO, Preston, Farington MSS, DDF/14",Farington jnl.MSS,Farington jnl.MSS,,,
"Leics. RO, Leicester ",Finch MSS,Finch MSS,,,
"letters from 7th Earl of Findlater and Seafield in Italy 1771-3 to his mother; SRO, Seafield MSS, GD 248/567/94 ",Findlater letters MSS,Findlater letters MSS,,,
"B.Fitzgerald, Emily, Duchess of Leinster [1949]",Fitzgerald 1949,Fitzgerald 1949,,,
"correspondence of 3rd Duke of Grafton; Suffolk RO, Bury St Edmunds, acc.no.423, part iv",Fitzroy MSS,Fitzroy MSS,,,
"Mrs Flaxman's diary in Italy 1787-8; BL, Add.39787 ",Mrs Flaxman jnl. MSS 1,Mrs Flaxman jnl.MSS 1,,,
"Mrs Flaxman's diary in Italy 1791-4; BL, Add.39792",Mrs Flaxman jnl. MSS 2,Mrs Flaxman jnl.MSS 2,,,
"J.Fleming, Robert Adam and his Circle in Edinburgh and Rome [1962]","Fleming, Adam","Fleming, Adam",,,
"Martin Folkes journal in Italy, 15 Jun.-12 Nov. 1733; Bodl., MS Eng Misc c.444 ",Folkes jnl. MSS,Folkes jnl.MSS,,,
family letters concerning Anne Forbes in Italy 1767-71; priv. coll. 1960 ,Forbes MSS,Forbes MSS,,,
"journal of Sir William Forbes in Italy 1792-3; NLS, Forbes MSS 1539-45 ",Forbes jnl.MSS,Forbes jnl.MSS,,,
"J.Foster, Alumni Oxonienses 1500-1714, 4 vols. [1891-92]",Foster,J.Foster,,,
"J.Foster, Alumni Oxonienses 1500-1714, 4 vols. [1891-92]",Foster,J. Foster,,,
"B. Fothergill, Sir William Hamilton [1969]",Fothergill 1969,Fothergill 1969,,,
"B. Fothergill,The Mitred Earl [1974]",Fothergill 1974,Fothergill 1974,,,
"Memorials and Correspondence of Charles James Fox, ed. Lord John Russell, 4 vols. [1853-7] ","Fox, Mem. and Corr.","Fox, Mem. and Corr.",,,
"journal of Sir Philip Francis in Italy 1772; BL, Add.40759 ",Francis jnl.MSS,Francis jnl.MSS,,,
"journal of William Freeman in Italy 1728-9; BL, Add.36249,ff2-246 ",Freeman jnl.MSS,Freeman jnl.MSS,,,
"notebook of Sambrooke Freeman for his Italian tour 1744-76; Glos.RO, Gloucester, D1245/FF38/D9",Freeman notebk. MSS,Freeman notebk.MSS,,,
"Nancy L. Pressly, The Fuseli Circle in Rome, Early Romantic Art of the 1770s, exh.cat., YCBA [1979] ",Fuseli Circle 1979,Fuseli Circle 1979,,,
"G. Gabrieli, Lido di oggi Lido di allora [1991]",Gabrieli 1991,Gabrieli 1991,,,
"correspondence of Alessandro Galilei; ASP, Carte Galilei ","Galilei, cart.","Galilei, cart.",,,
"J.Galt, The Life, Studies and Works of Benjamin West, in two parts [1820]","Galt, West","Galt, West",,,
"letters to his parents from J.M. Gandy in Italy 1794-7; typed transcript, RIBA, Gandy Family MSS, box 1 ",Gandy letters MSS,Gandy letters MSS,,,
"Lord Gardenstone [Francis Garden], Travelling Memorandums made in a Tour upon the continent of Europe the years 1786, '87 & '88, 3 vols. [1791-5]",Gardenstone 1791-5,Gardenstone 1791-5,,,
"The Letters of David Garrick, ed. D.M. Little and G.M. Kahrl, 3 vols. [1963]",Garrick Letters,Garrick Letters,,,
"Private Correspondence of David Garrick, ed. J. Boaden, 2 vols. [1831-2]",Garrick Priv.Corr.,Garrick Priv.Corr.,,,
"Edward Gascoigne, travel journal 1724-6; West Yorks Archive Service, Leeds, GC/F6/7, 12 a-c",Gascoigne jnl. MSS,Gascoigne jnl.MSS,,,
Gazzetta Toscana ,Gazz.Tosc.,Gazz. Tosc.,,,
"correspondence 1776-9 between British consuls in Genoa (J. Holford, J. Brame and, principally, J. Collett) with W. Poyntz, sec. in Turin; priv. coll.",Genoa cons.corr. MSS,Genoa cons.corr.MSS,,,
"Elizabeth Gibbes journal in Italy 1789-90; PRO, Colchester MSS, 30/9/7",Gibbes jnl. MSS ,Gibbes jnl.MSS ,,,
"Gibbon's Journey from Geneva to Rome, His Journal from 20 April to 2 October 1764, ed. G. Bonnard [1961]",Gibbon Journey,Gibbon Journey,,,
"The Letters of Edward Gibbon, ed. J.E. Norton, 3 vols. [1956] ",Gibbon Letters,Gibbon Letters,,,
"E. Gibbon, Miscellaneous Works, ed. Lord Sheffield, 5 vols. [1814]","Gibbon, Misc.Works","Gibbon, Misc.Works",,,
"E. Gibson, 'The Royal Academy of Music (1719-28) and its Directors' in S. Sadie & A. Hicks ed., Handel: A Tercentenary Collection [1987] ",Gibson 1987,Gibson 1987,,,
"E. Gibson, The Royal Academy of Music 1719-1720, The Institution and Its Directors [1989]",Gibson 1989,Gibson 1989,,,
Gentleman's Magazine,GM,GM,,,
"Pryse Lockhart Gordon, Personal Memoirs or Reminiscences of Men and Manners, 2 vols. [1830] ","Gordon, Personal Memoirs","Gordon, Personal Memoirs",,,
"M.H. Grant, A Chronological History of the Old English Landscape Painters, 8 vols.[1957-61] ",Grant 1957-61,Grant 1957-61,,,
"Lord Granville Leveson Gower (first Earl Granville) Private Corresponence 1781 to 1821, ed. Castalia, Countess Granville, 2 vols. [1916]",Granville Letters,Granville Letters,,,
"Correspondence of Thomas Gray, ed. P. Toynbee and L. Whibley, 3 vols. [1935]",Gray Letters,Gray Letters,,,
"The Grenville Papers being the correspondence of Richard Grenville Earl Temple and the Rt. Hon. George Grenville their friends and contemporaries, ed. W.J. Smith, 4 vols.[1853]",Grenville Papers,Grenville Papers,,,
"journal of Lord Grey de Wilton in Italy 1784-5; priv.coll., on loan Manchester AG",Grey jnl. MSS 1,Grey jnl.MSS 1,,,
"notebook and account book of Lord Grey de Wilton in Italy 1787-8; Greater Manchester CRO, Wilton MSS, E4 ",Grey jnl. MSS 2,Grey jnl.MSS 2,,,
"letters from Robert Grimston in Italy 1767-8 to his guardian John Grimston; Humberside Co. Archives, Beverley, DDGR/4",Grimston letters MSS,Grimston letters MSS,,,
The New Grove Dictionary of Music and Musicians [1980],Grove 1980,Grove 1980,,,
"incomplete travel journals of Sir James Hall, in Italy 1784-5, 5 vols; NLS, MSS 6324-8 (notes from H.G. Belsey in RBF) ",Hall jnl. MSS,Hall jnl.MSS,,,
"A.H. Smith, 'Gavin Hamilton's Letters to Charles Townley', Jnl. of Hellenic Studies, 21 [1901]:306-21",Hamilton 1901,Hamilton 1901,,,
"F.D. Cullen, 'The Oil Paintings of Hugh Douglas Hamilton', Wal.Soc., 50[1984]:165-208 ",Hamilton 1984,Hamilton 1984,,,
"SRO, GD 110",Hamilton Dalrymple MSS,Hamilton Dalrymple MSS,,,
Sir Charles Hanbury Williams papers; WSL,Hanbury Williams MSS,Hanbury Williams MSS,,,
"letters from 2nd Viscount Harcourt on his grand tour 1754-6 to his sister, Lady Elizabeth Lee; Bucks RO, Aylesbury, AR 28/60L",Harcourt letters MSS,Harcourt letters MSS,,,
"The Harcourt Papers, ed. E.W. Harcourt, 14 vols. [1880-1905]",Harcourt Papers,Harcourt Papers,,,
journal of Thomas Hardwick describing two journeys from Rome to Naples in 1778; RIBA,Hardwick jnl. MSS,Hardwick jnl.MSS,,,
"journal of Robert Harvey in Italy 1773-4; Norfolk CRO, Norwich, MS 20677, T 140B",Harvey jnl. MSS,Harvey jnl.MSS,,,
"F. Haskell and N. Penny, Taste and the Antique [1981]",Haskell and Penny,Haskell and Penny,,,
"L. Stainton, 'Hayward's List: British Visitors to Rome 1753-1775', Wal.Soc., 49[1983]:3-36",Hayward List,Hayward List,,,
"Augustus Hervey's Journal, ed. D. Erskine [1954]",Hervey (Aug.) Jnl.,Hervey (Aug.) Jnl.,,,
"The Diary of John Hervey, first Earl of Bristol, with extracts from his book of expenses 1688 to 1742 [1894]",Hervey (Jn.) Jnl. ,Hervey (Jn.) Jnl. ,,,
"Journals of the Hon. William Hervey', Suffolk Green Books, 14, XVI [1906]",Hervey (Wm.) Jnl.,Hervey (Wm.) Jnl.,,,
"T.W.I. Hodgkinson, 'Christopher Hewetson, an Irish Sculptor in Rome', Wal.Soc., 34[1958]:42-54",Hewetson 1958,Hewetson 1958,,,
"B. de Breffny, 'Christopher Hewetson', Irish Arts Review, 3.3[1986]:52-75 ",Hewetson 1986,Hewetson 1986,,,
"travel diary of Sir Robert Hildyard in France and Itay 1765-7; Humberside Co. Archives, Beverley, Hildyard deposit",Hildyard jnl. MSS,Hildyard jnl.MSS,,,
"letters from John Hinchliffe in Italy 1761-2; PRO NI, DOD 638/114/1,2,3,4",Hinchliffe letters MSS,Hinchliffe letters MSS,,,
"Italian correspondence of John Coxe Hippisley 1793-5; priv. coll [seven MSS vols.: Roman corr. 1793-5 (2 vols.); corr. with Cardinals Campanelli and de Zelada (2 vols.); Corrispondenza Miscellanea, and two vols. dealing with refugees from Toulon and the Republic of S.Marino] ",Hippisley corr. MSS,Hippisley corr.MSS,,,
Historical Manuscripts Commission 5th Rpt,HMC 5th Rpt,HMC 5th Rpt,,,
Historical Manuscripts Commission 8th Rpt.,HMC 8th Rpt.,HMC 8th Rpt.,,,
Historical Manuscripts Commission 10th Rpt.,HMC 10th Rpt.,HMC 10th Rpt.,,,
Historical Manuscripts Commission 14th Rpt.,HMC 14th Rpt.,HMC 14th Rpt.,,,
Historical Manuscripts Commission 15th Rpt.,HMC 15th Rpt.,HMC 15th Rpt.,,,
Historical Manuscripts Commission Ailesbury,HMC Ailesbury,HMC Ailesbury,,,
Historical Manuscripts Commission Bath,HMC Bath,HMC Bath,,,
Historical Manuscripts Commission Buccleuch,HMC Buccleuch,HMC Buccleuch,,,
Historical Manuscripts Commission Carlisle,HMC Carlisle,HMC Carlisle,,,
Historical Manuscripts Commission Cathcart,HMC Cathcart,HMC Cathcart,,,
Historical Manuscripts Commission Charlemont,HMC Charlemont,HMC Charlemont,,,
Historical Manuscripts Commission Cowper,HMC Cowper,HMC Cowper,,,
Historical Manuscripts Commission Dartmouth,HMC Dartmouth,HMC Dartmouth,,,
Historical Manuscripts Commission Denbigh,HMC Denbigh,HMC Denbigh,,,
Historical Manuscripts Commission Egmont,HMC Egmont,HMC Egmont,,,
Historical Manuscripts Commission Egmont Diary,HMC Egmont Diary,HMC Egmont Diary,,,
Historical Manuscripts Commission Egremont,HMC Egremont,HMC Egremont,,,
Historical Manuscripts Commission Frankland-Russell-Astley,HMC Frankland-Russell-Astley,HMC Frankland-Russell-Astley,,,
Historical Manuscripts Commission Fortescue,HMC Fortescue,HMC Fortescue,,,
Historical Manuscripts Commission Hastings,HMC Hastings,HMC Hastings,,,
Historical Manuscripts Commission Huntingdon,HMC Huntingdon,HMC Huntingdon,,,
Historical Manuscripts Commission Laing,HMC Laing,HMC Laing,,,
Historical Manuscripts Commission Leyborne-Popham,HMC Leyborne-Popham,HMC Leyborne-Popham,,,
Historical Manuscripts Commission Lothian,HMC Lothian,HMC Lothian,,,
Historical Manuscripts Commission Polwarth,HMC Polwarth,HMC Polwarth,,,
Historical Manuscripts Commission Portland,HMC Portland,HMC Portland,,,
Historical Manuscripts Commission Rutland,HMC Rutland,HMC Rutland,,,
Historical Manuscripts Commission Sackville,HMC Sackville,HMC Sackville,,,
Historical Manuscripts Commission Var.Colls,HMC Var.Colls,HMC Var.Colls,,,
"Calendar of the Stuart Papers belonging to His Majesty the King preserved at Windsor Castle, 7 vols. [1902-23]",HMC Stuart,HMC/Stuart,,,
"The Journal of Elizabeth Lady Holland (1791-1811), ed. Earl of Ilchester, 2 vols. [1908]",Holland Jnl.,Holland Jnl.,,,
"letters to his family from John Baker Holroyd in Italy 1764-5; BL, Add.34887,ff.122-88. ",Holroyd letters MSS,Holroyd letters MSS,,,
"G. Holt, The English Jesuits 1650-1329, a biographical dictionary, Catholic Record Soc. [1984]",Holt 1984,Holt 1984,,,
"journal 1771-2 of Jane Graham (from May 1771 Mrs Patrick Home); SRO, Home of Wedderburn MSS, GD 267/33/1",Home (Mrs Jane) jnl. MSS,Home (Mrs Jane) jnl.MSS,,,
"papers of Patrick Home in Italy 1771-7; SRO, Home of Wedderburn MSS",Home MSS,Home MSS,,,
"journal of Patrick Home mainly for 1772, with insertions; GD 267/33/2",Home jnl. MSS,Home jnl.MSS,,,
account book of Patrick Home 1774-7; GD 267/33/4  ,Home acct.bk. MSS,Home acct.bk.MSS ,,,
letter book of Patrick Home 1774-6; GD 267/33/5 ,Home letter bk. MSS,Home letter bk.MSS,,,
list of people Patrick Home met in Italy C. 1772-3; GD 267/33/5,Home list MSS,Home list MSS,,,
"D.B. Horn, British Diplomatic Representatives 1689-1789 [Royal Hist. Soc., 3rd ser., vol.46, 1932]",Horn 1,"Horn, 1:",,,
"D.B. Horn, British Diplomatic Representatives 1789-1852 [Royal Hist. Soc., 3rd ser., vol.50, 1934]",Horn 2,"Horn, 2:",,,
"letters to Sir Charles Hotham Thompson; Brynmor Jones Lib., U. of Hull, DDHO/4/16 ",Hotham letters MSS,Hotham letters MSS,,,
"Lady Alice Archer Houblon, The Houblon Family, its story & times, 2 vols. [1907]",Houblon Family,Houblon Family,,,
"W.J. Hughan, The Jacobite Lodge at Rome 1735-7 [1910]",Hughan,Hughan,,,
"Ozias Humphry papers; RA, MSS HU/1 and 2",Humphry corr. MSS,Humphry corr.MSS,,,
"Atti del Convegno di Studi, 'Gli Inglesi a Livorno e all' Isola d'Elba', [Leghorn 1980]",Inglesi a Livorno,Inglesi a Livorno,,,
"C.W. James, Chief Justice Coke his Family and Descendants at Holkham [1929]","James, Coke","James, Coke",,,
"T. Ashby, 'Thomas Jenkins in Rome', Papers of the British School at Rome, 6/8[1913]:487-511",Jenkins 1913,Jenkins 1913,,,
"S. Rowland Pierce, 'Thomas Jenkins in Rome', Antiquaries Journal, 45.2[1965]:200-29 ",S. Rowland Pierce,S. Rowland Pierce,,,
"J.H. Jesse, George Selwyn and his Contemporaries, 4 vols. [1843]","Jesse, Selwyn","Jesse, Selwyn",,,
"Memoirs of Thomas Jones', Wal.Soc., 32[1951]",Jones Memoirs,Jones Memoirs,,,
Journal of the Warburg and Courtauld Institutes,JWCI,JWCI,,,
"Lady Victoria Manners and G.C. Williamson, Angelica Kauffman RA, her life and works [1924]",Kauffman 1924,Kauffman 1924,,,
"W.W. Roworth ed., Angelica Kauffman, A Continental Artist in Georgian England [1992]",Kauffman 1992,Kauffman 1992,,,
"from the Rev Richard Kaye in Italy 1763-4; Bodl., Richardson MSS, MSS SC 37439 ",Kaye letters MSS,Kaye letters MSS,,,
"W. Kelly ed., Liber Ruber venerablilis collegii anglorum de Urbe, annales collegii, pars prima. nomina alumnorum 1631- 1733 Catholic Record Soc. [1943]",Kelly 1943,Kelly 1943,,,
"Reminiscences of Michael Kelly..., 2 vols. [1826]","Kelly, Reminiscences","Kelly, Reminiscences",,,
"letters from William Kent in Italy 17~2-20 to Burrell Massingberd; Lincs Archives, Lincoln, Massingberd Mundy MSS, 2MM B19A [to be pub. by the Wal.Soc.]",Kent letters MSS,Kent letters MSS,,,
letters from David Ker in Italy 1793-4 to his brother Richard; priv.coll.,Ker letters MSS,Ker letters MSS,,,
"J. Kerslake, Early Georgian Portraits, National Portrait Gallery, London [1977]",Kerslake 1977,Kerslake 1977,,,
"J. Kirk, ed. J.H. Pollen and E. Burton, Biographies of English Catholics in the 18th Century [1909]",Kirk 1909,Kirk 1909,,,
"N. Penny and M. Clarke ed., The Arrogant Connoisseur: Richard Payne Knight, exh.cat. Whiworth AG, Manchester [1982]",Knight 1982,Knight 1982,,,
"Lady Knight's Letters from France and Italy 1776-1795, ed. Lady Eliott-Drake [1905]",Knight Letters,Knight Letters,,,
"J. Knowles, The Life and Writings of Henry Fuseli, 3 vols. [1831]","Knowles, Fuseli","Knowles, Fuseli",,,
"L. Lagrange, Les Vernet, Joseph Vernet et la peinture au XVIIIe siècle [1864]",Lagrange Jnl.,Lagrange Jnl.,,,
Edinburgh U. Lib,Laing MSS,Laing MSS,,,
"A Breconshire Gentleman in Europe 1737-8' [the journal of George Lewis Langton], ed. R.J. Colyer, NLW Jnl., 21[1979-80]:268-91",Langton Jnl.,Langton Jnl.,,,
"Inscriptions in the Old British Cemetery of Leghorn, transcribed by G. Milner-Gibson and F.C. Macauley [Leghorn 1906]",Leghorn Inscr.,Leghorn Inscr.,,,
"Correspondence of Emily Duchess of Leinster (1731-1814), ed. B. Fitzgerald, 3 vols. [1949, 1953, 1957]",Leinster Corr.,Leinster Corr.,,,
"J.H. Lepper, 'The Earl of Middlesex and the English Lodge at Florence', Trans. of the Quatuor Coronati Lodge [1950]",Lepper 1950,Lepper 1950,,,
"L. Lewis, Connoisseurs and Secret Agents in Eighteenth Century Rome [1961]",Lewis 1961,Lewis 1961,,,
anon. Italian Diary 1787-8 of a party including Dean Lloyd of Lincoln; BNF [nuovi acquisti 1194],Lloyd jnl. MSS,Lloyd jnl.MSS,,,
"G. Lockhart, The Lockhart Papers, 2 vols. [1817]",Lockhart Papers,Lockhart Papers,,,
"letters from the 2nd Earl of Longford in Italy 1794-5, mostly addressed to his sister Mrs Stewart; PRO NI, Stewart MSS, D33/19/4/1-26",Longford letters MSS,Longford letters MSS,,,
Warwick RO,Lucy of Charlecote MSS,Lucy of Charlecote MSS,,,
"M.E. Lucy, Biography of the Lucy Family of Charlecote Park, in the County of Warwick [1862]",Lucy Family,Lucy Family,,,
"six letter books by Andrew Lumisden, of which three (1759-61, 1767, 1769-70) are NLS, MS 14260-2; notes by B. Skinner in RBF [see also Dennistoun] ",Lumisden letters MSS,Lumisden letters MSS,,,
"letters from Henry Lyte to Ld Cardigan 1751-64; SRO, Buccleuch-Dalkeith MSS, GD 224/627 (partly pub. by J. Fleming, English Miscellany, 9[1958]:127-41) ",Lyte letters MSS,Lyte letters MSS,,,
"letters from Richard Lyttelton in Rome 1762 to his nephew Thomas Pitt; priv.coll., Hagley Hall Mss, Lyttelton corr.V, (notes from M.J. McCarthy in RBF) ",Lyttelton letters MSS,Lyttelton letters MSS,,,
"M.J. McCarthy, 'Art Education and the Grand Tour', Art the Ape of Nature: Studies in honor of H. W. Janson [1981], 477-94",McCarthy 1981,McCarthy 1981,,,
"M.F. MacDonald, 'British Artists at the Accademia del Nudo in Rome', in 'Academies of Art', Leids Kunsthistorisch Jaarboek, 5/6[1986-7],77-94 [pub.1989] ",MacDonald 1989,MacDonald 1989,,,
"P. McKay, 'The Grand Tour of the Hon. Charles Compton', Northants Past and Present, 8.4[1986]:241-55 ",McKay 1986,McKay 1986,,,
"P. McKay, 'Northamptonshire Travellers in Italy, 1690-1775', Northants Past and Present, 9.2[1995]:23-34 ",McKay 1995,McKay 1995,,,
"A.I. Macnaghtcn, Family Roundabout [1955]",Macnaghten,Macnaghten,,,
"Diaries and Correspondence of James Harris, First Earl of Malmesbury, ed. by his grandson, the third Earl, 3 vols. [1844]",Malmesbury Diary,Malmesbury Diary,,,
"letters from Lord Malton in Italy 1749-50 to his father Lord Rockingham, with separate notes on Siena and Lucca and a list of people met in Italy; one letter from his companion James Forrester to Lord Rockingham; Sheffield City Lib., Wentworth Woodhouse MSS",Malton letters MSS,Malton letters MSS,,,
"William Montagu, Duke of Manchester, Court and Society from Elizabeth to Anne, 2 vols. [1864]","Manchester, Court and Society","Manchester, Court and Society",,,
"G. Seidmann, 'Nathaniel Marchant, Gem-Engraver, 1739-1816', Wal.Soc., 53[1987):1-105",Marchant 1987,Marchant 1987,,,
"journal of James Martin in Italy 1763-5, 9 vols.; priv. coll. ",Martin jnl. MSS,Martin jnl.MSS,,,
"Lines Archives, Lincoln",Massingberd Mundy MSS,Massingberd Mundy MSS,,,
"S. Roettgen, Mengs and his British Patrons, exh. cat., Kenwood, London [1993]",Mengs 1993,Mengs 1993,,,
"Diary of a Tour in France and Italy taken by Joseph Mercer, Uncle of Gerald Douglas Mercer' [1778-9]; NLS, acc.7952",Mercer jnl. MSS,Mercer jnl.MSS,,,
"A. Michaelis, Ancient Marbles in Great Britain [1882]",Michaelis 1882,Michaelis 1882,,,
"William Mildmay, Journal of a tour through France and Italy 1730; Hants RO, Winchester, 15 M 50/1302.",Mildmay jnl. MSS,Mildmay jnl.MSS,,,
"O. Millar, The Tudor, Stuart and Early Georgian Pictures in the collection of Her Majesty the Queen, 2 vols. [1963]","Millar, Early Georgian","Millar, Early Georgian",,,
"O. Millar, The Later Georgian Pictures in the Collection of Her Majesty The Queen, 2 vols.[1969] ","Millar, Later Georgian","Millar, Later Georgian",,,
"O. Millar, Zoffany and his Tribuna [1966]","Millar, Tribuna","Millar, Tribuna",,,
"[Mrs Anne Miller], Letters from Italy ... in the years mdcclxx and mdcclxxi ... by an English Woman, 2nd ed. [1777]","Miller, Letters","Miller, Letters",,,
"letters from John Milles in Italy 1734; Glos.RO, Gloucester, D2663 Z8 ",Milles Letters MSS,Milles Letters MSS,,,
"journal of John Mitford in Italy 1776-7; Glos.RO, Gloucester, Mitford & Freeman-Mitford MSS, D2002/Fl-6.",Mitford jnls. MSS,Mitford jnls.MSS,,,
"Complete Letters of Lady Mary Wortley Montagu, ed. R Halsband, 3 vols. [1965-7]",Montagu Letters,Montagu Letters,,,
"A. de Montaiglon and J. Guiffrey, ed., Correspondance des Directeurs de l'Académie de France in Rome avec le Surintendants des Bâtiments [1887-1912]",Montaiglon,Montaiglon,,,
"A.W. Moore, Norfolk and the Grand Tour, exh.cat. Norwich [1985]",Moore 1985,Moore 1985,,,
"P. Andrew, 'Jacob More: Biography and a Checklist', Wal.Soc., 55[1993]:105-96",More 1993,More 1993,,,
"Jacob More, letterbook, Rome, 1786-7; Edinburgh U. Lib., Laing MSS iv.25",More Letters MSS,More Letters MSS,,,
"The Journal of Dr John Morgan of Philadelphia from the City of Rome to the City of London 1764 together with a fragment of a Journal written at Rome 1764 and a biographical sketch [pub. priv., Pha.1907]",Morgan Jnl.,Morgan Jnl.,,,
"Memoirs of the 1st Earl of Morley; BL, Add.48244,ff.226-52 ",Morley MSS,Morley MSS,,,
"accounts of the 1st Earl of Morley's continental tour 1793-4; BL, Add.48422,ff.16-19",Morley accts. MSS,Morley accts.MSS,,,
"E. Morpurgo, 'English Physicians - Doctorati - at the University of Padua in the Collegio Veneto Artista 1671-1771', Proceedings of the Royal Soc. of Medicine, 20[1927]:63-74 ",Morpurgo,Morpurgo,,,
"The collection of Autograph Letters and Historical Documents formed by Alfred Morrison (2nd ser., 1882-93): The Hamilton and Nelson Papers, vol.1 1756-97 [1893], vol.2 1798-1815 [1894]",Morrison,Morrison,,,
"The Letters of John B.S. Morritt of Rokeby, ed. G.E. Marindin [1914]",Morritt Letters,Morritt Letters,,,
"Richard Edgcumbe, 2nd Earl of Mount Edgcumbe, Musical Reminiscences of an Old Amateur; chiefly respecting the Italian Opera in England for fifty years, from 1773 to 1823 [1824]",Mount Edgcumbe,Mount Edgcumbe,,,
"Memorials of John Murray of Broughton', ed. RF. Bell, Scots Hist.Soc., 27[1898]",Murray Memorials,Murray Memorials,,,
"letters from Robert Mylne in Italy 1754-9; RIBA, MSS Add.Mylne 4/8/1-4 and 6 [for excerpts see C. Gotch, Architectural Review, Sep.1951,179-82]; and letters from William Mylne 1754-8; MSS Add.Mylne 4/17/2-15 and 4/18/1",Mylne letters MSS,Mylne letters MSS,,,
"letters from Devereux Mytton in Italy 1778-9 to his father, Devereux Mytton; NLW, Harrison MSS, nos.64-8",Mytton letters MSS,Mytton letters MSS,,,
"Berks RO, Reading, D/EN/F.55/ ",Neville and Aldworth MSS,Neville and Aldworth MSS,,,
"correspondence and accounts of Sir Roger Newdigate; Warwick RO, CR 136/",Newdigate MSS,Newdigate MSS,,,
"J. Nichols, Literary Anecdotes the Eighteenth century ..., 9 vols. [1812-15]","Nichols, Lit. Anecdotes","Nichols, Lit. Anecdotes",,,
"J.T. Smith, Nollekens and His Times, 2 vols. [1829] ",Nollekens 1829,Nollekens 1829,,,
"S. Gwynn, Memorials of an eighteenth-century painter: James Northcote [1898] ",Northcote Memorials,Northcote Memorials,,,
"J. Northcote, The Life of Sir Joshua Reynolds, 2 vols. [1818 ed.]","Northcote, Reynolds","Northcote, Reynolds",,,
"C. Nylander, 'The People at the Pyramid' in Doctor Peregrino, Roman Studies in honour of Torgil Magnuson, Istituto Svedese di studi classici a Roma, [1992], 221-49",Nylander,Nylander,,,
"C. O'Connor, 'The Parody of The School of Athens', Bull. of the Irish Georgian Soc., 26[1983]:4-22",O'Connor 1983,O'Connor 1983,,,
"letters from James Irvine in Italy 1799-1800 to George Ogilvie; Aberdeen U. Lib., King's College, special colls., MS 2740/1/1",Ogilvie-Forbes MSS,Ogilvie-Forbes MSS,,,
"extract from Thomas Orde's Italian Journal, November 1772 only; photostat copy in WSL [copy in RBF; original now unlocated] ",Orde jnl. MSS,Orde jnl.MSS,,,
"Giornale di Vincenzo Pacetti dall'anno 1773 fino all'anno 1803; Biblioteca Alessandrina, U. of Rome, MS 321",Pacetti giornale,Pacetti giornale,,,
"Carteggio Paciaudi; correspondence of Abate Paolo Maria Paciaudi; BPP [index by L. Farinelli, Paolo Maria Paciaudi e i suoi corrispondenti (1985)]",Paciaudi cart.,Paciaudi cart.,,,
"G. Pagano de Divitiis, Il commercio inglese nel Mediterraneo dal '500 al '700; corrispondenza consolare e documentazione britannica tra Napoli e Londra [1984]",Pagano de Divitiis,Pagano de Divitiis,,,
"Herts RO, Hertford ",Panshanger MSS,Panshanger MSS,,,
"Robert Parker, Journal of a Tour into Italy [1792-3]; Hants RO, Winchester, 18 M51/555",Parker jnl. MSS,Parker jnl.MSS,,,
"letters from Charles Parker in Italy 1782-4 to Sir Roger Newdigate; Warwick RO, Warwick, Newdigate MSS, CR 136/ ",Parker letters MSS,Parker letters MSS,,,
"Robert Parker, list of people met in Italy in his Journal of a Tour into Italy [1792-3]; Hants RO, Winhester, 18 M51/555.",Parker list MSS,Parker list MSS,,,
journal of Dr John Parkinson in Italy 1783-4; priv. coll.,Parkinson jnl.MSS,Parkinson jnl.MSS,,,
"F.J.B. Watson, 'Thomas Patch: Notes on His Life, Together with a Catalogue of his Known Works', Wal.Soc., 28[1940]:15-50 ",Patch 1940,Patch 1940,,,
"F.J.B. Watson, 'Thomas Patch, Some new light on his work', Apollo, 85[1967]:348-53",Patch 1967,Patch 1967,,,
letters from Gen.James Pattison in Italy 1768-72 to his brother Nathaniel; priv.coll. [notes from F. Russell in RBF],Pattison letters MSS,Pattison letters MSS,,,
"letters from Thomas Pelham [later 2nd Earl of Chichester] in Italy 1777-8 to his father; BL, Add.33127, ff.171-352 ",Pelham letters MSS,Pelham letters MSS,,,
"The Pembroke Papers 1734-1780, ed. Lord Herbert [1942] [1st pub. 1939 as Henry, Elizabeth and George]",Pembroke Papers 1,"Pembroke Papers, 1",,,
"Pembroke Papers 1780-1794, ed. Lord Herbert [1950]",Pembroke Papers 2,"Pembroke Papers, 2",,,
"A Later Pepys: the correspondence of Sir William Weller Pepys. Bart., ..., ed. A.C.C. Gaussen, 2 vols. [1904]",Pepys 1904,Pepys 1904,,,
"letters from Joshua Pickersgill in Turin 1761-8 to his sister; Bucks CRO, Aylesbury, D152/B1.",Pickersgill letters MSS,Pickersgill letters MSS,,,
"The Piozzi Letters, the correspondence of Hester Lynch Piozzi, E.A. and L.D. Bloom ed., vol.1, 1784-1821 [1989]",Piozzi Letters,Piozzi Letters,,,
diary of Ann Pitt (1772-1864) in Italy 1792-3; priv. coll.,Pitt (Ann) jnl. MSS,Pitt (Ann) jnl.MSS,,,
"letters from Richard Pococke in Italy 1733-4 and 1737 to his mother; BL, Add.19939 ",Pococke letters MSS,Pococke letters MSS,,,
"Correspondence between Frances Seymour, Countess of Hertford and Henrietta Louisa, Countess of Pomfret 1738-41, 3 vols. [1805]",Pomfret Corr.,Pomfret Corr.,,,
"Henrietta, Countess of Pomfret, journal of travels in France an Italy 1738-9 and in Italy 1739-40 Leics RO, Leicester, Finch MSS",Pomfret jnl. MSS,Pomfret jnl.MSS,,,
"narrative account and travel notebooks of Thomas Chinnal Porter in Italy 1788-9; Worcester RO, 705/262/65 and /66 ",Porter MSS,Porter MSS,,,
"[Samuel Powel], 'Short Notes on a Course of Antiquities at Rome In Company with Messrs Apthorp, Morgan & Palmer begun May 21 1764 under Mr Byre[s] Antiquarian'; MSS, American Phil.Soc., Philadelphia",Powel 1764 MSS,Powel 1764 MSS,,,
"P.B. Prato, Giornale della citta' e Porto di Livorno, 1 Jan.1764-20 Sep.1813, 63 MSS vols.; BLL, MS.091.Q.1 ",Prato MSS,Prato MSS,,,
"journal of 4th Earl of Lichfield in Italy 1738-40; Oxfordshire Archives, Oxford, Dillon MSS",Quarendon jnl. MSS,Quarendon jnl.MSS,,,
"Devon CRO, Exeter, 64/12/21/1/135",Quick MSS,Quick MSS,,,
"journal of Henry George Quin in Italy 1785-6; Trin. Coll., Dublin, MS 2226/1 and MIC.32 ",Quin jnl. MSS,Quin jnl.MSS,,,
Warwick RO,Ragley MSS,Ragley MSS,,,
"A. Smart, Allan Ramsay [1992]",Ramsay 1992,Ramsay 1992,,,
"journal of John Ramsay in Italy 1782-4; NLS, MSS.1833/4",Ramsay jnl. MSS,Ramsay jnl.MSS,,,
"letters from Sir John Rawdon in Italy 1739 to Thomas Prior, and from his son Francis Rawdon in Italy 1774 to his father; PRO NI, Rawdon MSS, D2924/1, ff.47-50 and 168-85 ",Rawdon letters MSS,Rawdon letters MSS,,,
"Dr Richard Rawlinson, diaries 1720-26; Bodl., MSS. Rawl.1180-7",Rawlinson jnl. MSS,Rawlinson jnl.MSS,,,
"S. Redgrave, Dictionary of Artists of the English School [1878]",Redgrave 1878,Redgrave 1878,,,
"J. Richardson sen. and jun., Account of some of the Statues, Bas-reliefs, Drawings and Pictures in Italy with Remarks [1722]","Richardson, Account","Richardson, Account",,,
"journals of Capt.Thomas Riddell [?] in Italy 1770-71; Northumb. CRO, Newcastle, ZWR 62",Riddell jnl. MSS,Riddell jnl.MSS,,,
"Stephen Riou, Part of a Tour in Greece 1750-3 and letters to his mother; YCBA",Riou MSS,Riou MSS,,,
"M. Riviere, 'The Rev. William Gunn, B.D., A Norfolk Parson on the Grand Tour', Norfolk Archaeology, 33.3[1964]:351-78",Riviere 1964,Riviere 1964,,,
"M. Riviere, 'The Rev. William Gunn, B.D., A Norfolk Parson on the Grand Tour', Norfolk Archaeology, 33.4[1965]:379-406",Riviere 1965,Riviere 1965,,,
"letters from Thomas Robinson, later 2nd Baron Grantham, in Italy 1759-60; West Yorkshire Archive Service, Leeds, VR 12300-61",Robinson letters MSS,Robinson letters MSS,,,
journal of James Robson in Italy 1787; BL Add.38837,Robson jnl.MSS,Robson jnl.MSS,,,
"List of English Artists residing at Rome in the year 1790'; printed sheet (photograph in RBF). A similar list printed in Farington Diary 1793-1821, ed. Greig [7 vols., 1922-8], 3:53-4n; annotated MS copy in Parker jnl.Mss",Rome List 1790,Rome List 1790,,,
Celebrated Artists in Rome in our time 1792 & 93'; an annotated version of the Rome List 1790 with some Italian artists added; Parker jnl.Mss,Rome List 1792,Rome List 1792,,,
List of English Artists residing at Rome in the Year 1793'; printed sheet (copy in RBF from Parker jnl.Mss),Rome List 1793,Rome List 1793,,,
"letter addressed to Prince Augustus [Duke of Sussex] dated Rome, 20 April 1794, signed by 23 English artists in Rome, thanking him for obtaining free admission of their works into England; Whitley MSS, and Annals of the Fine Arts for 1816,1:406 [1817]",Rome List 1794,Rome List 1794,,,
"Rev J. Romney, Memoirs of the Life and Works of George Romney [1830]",Romney 1830,Romney 1830,,,
"SRO, GD 125",Rose of Kilravock MSS,Rose of Kilravock MSS,,,
Voyage de Catalogue' [1793-1800] by John Rushout [later 1st Baron Northwick]; priv. coll.,Rushout Voyage MSS,Rushout Voyage MSS,,,
"[James Russel], Letters from a Young Painter abroad to his Friends in England, 2 vols, 2nd ed. 1750]","Russel, Letters","Russel, Letters",,,
"Marquis of Ruvigny and Raineval, The Jacobite Peerage [1904]",Ruvigny,Ruvigny,,,
"journal of Lord St Asaph in Italy 1782-3; East Sussex RO, Lewes, Ashburnham MSS, ref.3995-4002",St Asaph jnl. MSS,St Asaph jnl.MSS,,,
"F. Salmon, ‘British Architects and the Florentine Academy, 1753-1794’, Mitteilungen des Kunst.lnst.in Florenz, 34[1990]:199-214",Salmon 1990,Salmon 1990,,,
"B. Sani, Rosalba Carriera lettere, diari, frammenti [1985]",Sani 1985,Sani 1985,,,
"B. Sani, Rosalba Carriera [catalogo] [1988]",Sani 1988,Sani 1988,,,
"P.A. Scholes, The Great Doctor Burney, 2 vols. [1948]",Scholes 1948,Scholes 1948,,,
"Curiosities of a Scots Charta Chest 1600-1800, with the Travels and Memoranda of Sir Alexander Dick, Baronet of Prestonfield, Midlothian, Written by Himself, ed. Hon.Mrs Atholl Forbes [1897] (original MSS in the Pierpont Morgan Lib., New York)",Scots Charta Chest,Scots Charta Chest,,,
"papers from the Scots College, Rome; Scottish Catholic Archives, Colomba House, Edinburgh",Scots Coll.MSS,Scots Coll.MSS,,,
"journal of Capt. Robert Scott of Rosebank in Italy 1786-7; NLS, MS 2893-5",Scott jnl MSS,Scott jnl MSS,,,
"SRO, GD 248 (some letters from the Abbé Grant pub. in W. Fraser, Chiefs of Grant [1882], 2:533-58)",Seafield MSS,Seafield MSS,,,
"S. O’Connell, ‘Lord Shaftesbury in Naples 1711-13’, Wal.Soc., 53[1988]:149-219",Shaftesbury 1988,Shaftesbury 1988,,,
"travel journal of Robert Sharpe 1700-02; BL, Sloane MS 1522",Sharpe jnl.MSS,Sharpe jnl.MSS,,,
"‘A Journal by his Grace Charles, Duke of Shrewsbury, from November the 1st, 1700, when his Grace left England, to January the 7th, 1706 [n.s.], when he landed at Deptford’, HMC Buccleuch (Montagu Ho.), 2ii[1903]:746-99",Shrewsbury Jnl.,Shrewsbury Jnl.,,,
"travel journals of George Sinclair of Ulbster 1737-8; NLS, Sinclair of Ulbster MSS 2143-5",Sinclair jnl.MSS,Sinclair jnl.MSS,,,
"R.B. Ford, ‘The Letters of Jonathan Skelton from Rome and Tivoli in 1758’, Wal.Soc., 36[1960]:23-84",Skelton 1960,Skelton 1960,,,
"S. Rowland Pierce, ‘Jonathan Skelton and his Water Colours’, Wal.Soc., 36[1960]:10-22",Skelton List,Skelton List,,,
"B. Skinner, Scots in Italy in the 18th century [1966]","Skinner, Scots in Italy","Skinner, Scots in Italy",,,
"notebooks, accounts and letters of John Skippe; priv.coll. [1961]",Skippe MSS,Skippe MSS,,,
"K. Sloan, Alexander and John Robert Cozens [1986]","Sloan, Cozens","Sloan, Cozens",,,
"J. Soane, Memoirs of the professional life of an Architect between the Years 1768 and 1835 [1835]","Soane, Memoirs","Soane, Memoirs",,,
"State Papers Foreign, PRO correspondence of British representatives in Italy, Genoa 1710-18",SP 79/6-8,SP 79/6,,,
"State Papers Foreign, PRO correspondence of British representatives in Italy, Genoa 1710-18",SP 79/6-8,SP 79/7,,,
"State Papers Foreign, PRO correspondence of British representatives in Italy, Genoa 1710-18",SP 79/6-8,SP 79/8,,,
"State Papers Foreign, PRO correspondence of British representatives in Italy, Rome 1690-1773 (misc.)",SP 85/13,SP 85/13,,,
"State Papers Foreign, PRO correspondence of British representatives in Italy, Rome 1722-9",SP 85/14-16,SP 85/14,,,
"State Papers Foreign, PRO correspondence of British representatives in Italy, Rome 1722-9",SP 85/14-16,SP 85/15,,,
"State Papers Foreign, PRO correspondence of British representatives in Italy, Rome 1722-9",SP 85/14-16,SP 85/16,,,
"State Papers Foreign, PRO correspondence of British representatives in Italy, Turin 1706-27",SP 92/27-32,SP 92/27,,,
"State Papers Foreign, PRO correspondence of British representatives in Italy, Turin 1706-27",SP 92/27-32,SP 92/28,,,
"State Papers Foreign, PRO correspondence of British representatives in Italy, Turin 1706-27",SP 92/27-32,SP 92/29,,,
"State Papers Foreign, PRO correspondence of British representatives in Italy, Turin 1706-27",SP 92/27-32,SP 92/30,,,
"State Papers Foreign, PRO correspondence of British representatives in Italy, Turin 1706-27",SP 92/27-32,SP 92/31,,,
"State Papers Foreign, PRO correspondence of British representatives in Italy, Turin 1706-27",SP 92/27-32,SP 92/32,,,
"State Papers Foreign, PRO correspondence of British representatives in Italy, Turin 1734",SP 92/37,SP 92/37,,,
"State Papers Foreign, PRO correspondence of British representatives in Italy, Turin 1735",SP 92/39,SP 92/39,,,
"State Papers Foreign, PRO correspondence of British representatives in Italy, Naples 1684-1733",SP 93/3-6,SP 93/3,,,
"State Papers Foreign, PRO correspondence of British representatives in Italy, Naples 1684-1733",SP 93/3-6,SP 93/4,,,
"State Papers Foreign, PRO correspondence of British representatives in Italy, Naples 1684-1733",SP 93/3-6,SP 93/5,,,
"State Papers Foreign, PRO correspondence of British representatives in Italy, Naples 1684-1733",SP 93/3-6,SP 93/6,,,
"State Papers Foreign, PRO correspondence of British representatives in Italy, Naples 1734-57",SP 93/9-15,SP 93/9,,,
"State Papers Foreign, PRO correspondence of British representatives in Italy, Naples 1734-57",SP 93/9-15,SP 93/10,,,
"State Papers Foreign, PRO correspondence of British representatives in Italy, Naples 1734-57",SP 93/9-15,SP 93/11,,,
"State Papers Foreign, PRO correspondence of British representatives in Italy, Naples 1734-57",SP 93/9-15,SP 93/12,,,
"State Papers Foreign, PRO correspondence of British representatives in Italy, Naples 1734-57",SP 93/9-15,SP 93/13,,,
"State Papers Foreign, PRO correspondence of British representatives in Italy, Naples 1734-57",SP 93/9-15,SP 93/14,,,
"State Papers Foreign, PRO correspondence of British representatives in Italy, Naples 1734-57",SP 93/9-15,SP 93/15,,,
"State Papers Foreign, PRO correspondence of British representatives in Italy, Naples 1761-79",SP 93/19-31,SP 93/19,,,
"State Papers Foreign, PRO correspondence of British representatives in Italy, Naples 1761-79",SP 93/19-31,SP 93/20,,,
"State Papers Foreign, PRO correspondence of British representatives in Italy, Naples 1761-79",SP 93/19-31,SP 93/21,,,
"State Papers Foreign, PRO correspondence of British representatives in Italy, Naples 1761-79",SP 93/19-31,SP 93/22,,,
"State Papers Foreign, PRO correspondence of British representatives in Italy, Naples 1761-79",SP 93/19-31,SP 93/23,,,
"State Papers Foreign, PRO correspondence of British representatives in Italy, Naples 1761-79",SP 93/19-31,SP 93/24,,,
"State Papers Foreign, PRO correspondence of British representatives in Italy, Naples 1761-79",SP 93/19-31,SP 93/25,,,
"State Papers Foreign, PRO correspondence of British representatives in Italy, Naples 1761-79",SP 93/19-31,SP 93/26,,,
"State Papers Foreign, PRO correspondence of British representatives in Italy, Naples 1761-79",SP 93/19-31,SP 93/27,,,
"State Papers Foreign, PRO correspondence of British representatives in Italy, Naples 1761-79",SP 93/19-31,SP 93/28,,,
"State Papers Foreign, PRO correspondence of British representatives in Italy, Naples 1761-79",SP 93/19-31,SP 93/29,,,
"State Papers Foreign, PRO correspondence of British representatives in Italy, Naples 1761-79",SP 93/19-31,SP 93/30,,,
"State Papers Foreign, PRO correspondence of British representatives in Italy, Naples 1761-79",SP 93/19-31,SP 93/31,,,
"State Papers Foreign, PRO correspondence of British representatives in Italy, Naples 1621-1777 (misc.)",SP 93/32,SP 93/32,,,
"State Papers Foreign, PRO correspondence of British representatives in Italy, Florence 1700-36",SP 98/19-37,SP 98/19,,,
"State Papers Foreign, PRO correspondence of British representatives in Italy, Florence 1700-36",SP 98/19-37,SP 98/19,,,
"State Papers Foreign, PRO correspondence of British representatives in Italy, Florence 1700-36",SP 98/19-37,SP 98/20,,,
"State Papers Foreign, PRO correspondence of British representatives in Italy, Florence 1700-36",SP 98/19-37,SP 98/21,,,
"State Papers Foreign, PRO correspondence of British representatives in Italy, Florence 1700-36",SP 98/19-37,SP 98/22,,,
"State Papers Foreign, PRO correspondence of British representatives in Italy, Florence 1700-36",SP 98/19-37,SP 98/23,,,
"State Papers Foreign, PRO correspondence of British representatives in Italy, Florence 1700-36",SP 98/19-37,SP 98/24,,,
"State Papers Foreign, PRO correspondence of British representatives in Italy, Florence 1700-36",SP 98/19-37,SP 98/25,,,
"State Papers Foreign, PRO correspondence of British representatives in Italy, Florence 1700-36",SP 98/19-37,SP 98/26,,,
"State Papers Foreign, PRO correspondence of British representatives in Italy, Florence 1700-36",SP 98/19-37,SP 98/27,,,
"State Papers Foreign, PRO correspondence of British representatives in Italy, Florence 1700-36",SP 98/19-37,SP 98/28,,,
"State Papers Foreign, PRO correspondence of British representatives in Italy, Florence 1700-36",SP 98/19-37,SP 98/29,,,
"State Papers Foreign, PRO correspondence of British representatives in Italy, Florence 1700-36",SP 98/19-37,SP 98/30,,,
"State Papers Foreign, PRO correspondence of British representatives in Italy, Florence 1700-36",SP 98/19-37,SP 98/31,,,
"State Papers Foreign, PRO correspondence of British representatives in Italy, Florence 1700-36",SP 98/19-37,SP 98/32,,,
"State Papers Foreign, PRO correspondence of British representatives in Italy, Florence 1700-36",SP 98/19-37,SP 98/33,,,
"State Papers Foreign, PRO correspondence of British representatives in Italy, Florence 1700-36",SP 98/19-37,SP 98/34,,,
"State Papers Foreign, PRO correspondence of British representatives in Italy, Florence 1700-36",SP 98/19-37,SP 98/35,,,
"State Papers Foreign, PRO correspondence of British representatives in Italy, Florence 1700-36",SP 98/19-37,SP 98/36,,,
"State Papers Foreign, PRO correspondence of British representatives in Italy, Florence 1700-36",SP 98/19-37,SP 98/37,,,
"State Papers Foreign, PRO correspondence of British representatives in Italy, Florence 1736-46",SP 98/39-46,SP 98/39,,,
"State Papers Foreign, PRO correspondence of British representatives in Italy, Florence 1736-46",SP 98/39-46,SP 98/40,,,
"State Papers Foreign, PRO correspondence of British representatives in Italy, Florence 1736-46",SP 98/39-46,SP 98/41,,,
"State Papers Foreign, PRO correspondence of British representatives in Italy, Florence 1736-46",SP 98/39-46,SP 98/42,,,
"State Papers Foreign, PRO correspondence of British representatives in Italy, Florence 1736-46",SP 98/39-46,SP 98/43,,,
"State Papers Foreign, PRO correspondence of British representatives in Italy, Florence 1736-46",SP 98/39-46,SP 98/44,,,
"State Papers Foreign, PRO correspondence of British representatives in Italy, Florence 1736-46",SP 98/39-46,SP 98/45,,,
"State Papers Foreign, PRO correspondence of British representatives in Italy, Florence 1736-46",SP 98/39-46,SP 98/46,,,
"State Papers Foreign, PRO correspondence of British representatives in Italy, Venice 1701-40",SP 99/57-63,SP 99/57,,,
"State Papers Foreign, PRO correspondence of British representatives in Italy, Venice 1701-40",SP 99/57-63,SP 99/58,,,
"State Papers Foreign, PRO correspondence of British representatives in Italy, Venice 1701-40",SP 99/57-63,SP 99/59,,,
"State Papers Foreign, PRO correspondence of British representatives in Italy, Venice 1701-40",SP 99/57-63,SP 99/60,,,
"State Papers Foreign, PRO correspondence of British representatives in Italy, Venice 1701-40",SP 99/57-63,SP 99/61,,,
"State Papers Foreign, PRO correspondence of British representatives in Italy, Venice 1701-40",SP 99/57-63,SP 99/62,,,
"State Papers Foreign, PRO correspondence of British representatives in Italy, Venice 1701-40",SP 99/57-63,SP 99/63,,,
"State Papers Foreign, PRO correspondence of British representatives in Italy, letters to Horace Mann in Florence 1737-45",SP 105/281-283,SP 105/281,,,
"State Papers Foreign, PRO correspondence of British representatives in Italy, letters to Horace Mann in Florence 1737-45",SP 105/281-283,SP 105/282,,,
"State Papers Foreign, PRO correspondence of British representatives in Italy, letters to Horace Mann in Florence 1737-45",SP 105/281-283,SP 105/283,,,
"State Papers Foreign, PRO correspondence of British representatives in Italy, letters to Horace Mann in Florence 1748-72",SP 105/309-321,SP 105/309,,,
"State Papers Foreign, PRO correspondence of British representatives in Italy, letters to Horace Mann in Florence 1748-72",SP 105/309-321,SP 105/310,,,
"State Papers Foreign, PRO correspondence of British representatives in Italy, letters to Horace Mann in Florence 1748-72",SP 105/309-321,SP 105/311,,,
"State Papers Foreign, PRO correspondence of British representatives in Italy, letters to Horace Mann in Florence 1748-72",SP 105/309-321,SP 105/312,,,
"State Papers Foreign, PRO correspondence of British representatives in Italy, letters to Horace Mann in Florence 1748-72",SP 105/309-321,SP 105/313,,,
"State Papers Foreign, PRO correspondence of British representatives in Italy, letters to Horace Mann in Florence 1748-72",SP 105/309-321,SP 105/314,,,
"State Papers Foreign, PRO correspondence of British representatives in Italy, letters to Horace Mann in Florence 1748-72",SP 105/309-321,SP 105/315,,,
"State Papers Foreign, PRO correspondence of British representatives in Italy, letters to Horace Mann in Florence 1748-72",SP 105/309-321,SP 105/316,,,
"State Papers Foreign, PRO correspondence of British representatives in Italy, letters to Horace Mann in Florence 1748-72",SP 105/309-321,SP 105/317,,,
"State Papers Foreign, PRO correspondence of British representatives in Italy, letters to Horace Mann in Florence 1748-72",SP 105/309-321,SP 105/318,,,
"State Papers Foreign, PRO correspondence of British representatives in Italy, letters to Horace Mann in Florence 1748-72",SP 105/309-321,SP 105/319,,,
"State Papers Foreign, PRO correspondence of British representatives in Italy, letters to Horace Mann in Florence 1748-72",SP 105/309-321,SP 105/320,,,
"State Papers Foreign, PRO correspondence of British representatives in Italy, letters to Horace Mann in Florence 1748-72",SP 105/309-321,SP 105/321,,,
"Joseph Spence: Letters from the Grand Tour, ed. S. Klima [1975]",Spence Letters,Spence Letters,,,
"Joseph Spence, Observations, Anecdotes and Characters of Books and Men, Collected from Conversation, ed. J.M. Osborn [1966]",Spence Anecdotes,Spence Anecdotes,,,
"extracts from journals and recollections of John Thomas Stanley, from 1781; John Rylands Lib., Manchester, Eng.MS 722",Stanley jnls. MSS,Stanley jnls.MSS,,,
"Mariana Starke, Travels in Italy between the years 1792 and 1798 containing a view of the late Revolution in that country ..., 2 vols. [1802]","Starke, Travels","Starke, Travels",,,
"Letters of Laurence Sterne, ed. L.P. Curtis [1935]",Sterne Letters,Sterne Letters,,,
"A.M.W. Stirling, Coke of Norfolk and his Friends, 2 vols. [1908]","Stirling, Coke of Norfolk","Stirling, Coke of Norfolk",,,
MSS. Storia Patria 726: Cerimoniali della Real Corte di Savoia; BRT; del Robbio 1699-1709,"Storia Patria, 4-2","Storia Patria, 4-2",,,
MSS. Storia Patria 726: Cerimoniali della Real Corte di Savoia; BRT; del Torino 1702-13,"Storia Patria, 5","Storia Patria, 5",,,
MSS. Storia Patria 726: Cerimoniali della Real Corte di Savoia; BRT; del Salmatoris 1738-43,"Storia Patria, 7-1","Storia Patria, 7-1",,,
MSS. Storia Patria 726: Cerimoniali della Real Corte di Savoia; BRT; del Salmatoris 1753-9,"Storia Patria, 7-4","Storia Patria, 7-4",,,
MSS. Storia Patria 726: Cerimoniali della Real Corte di Savoia; BRT; del Piozzo 1759-62,"Storia Patria, 8-1","Storia Patria, 8-1",,,
MSS. Storia Patria 726: Cerimoniali della Real Corte di Savoia; BRT; del Piozzo 1763-6,"Storia Patria, 8-2","Storia Patria, 8-2",,,
MSS. Storia Patria 726: Cerimoniali della Real Corte di Savoia; BRT; del Cravetta di Villanovetta 1784-90,"Storia Patria, 9-4","Storia Patria, 9-4",,,
MSS. Storia Patria 726: Cerimoniali della Real Corte di Savoia; BRT; del Bernezzo 1784-6,"Storia Patria, 10-1","Storia Patria, 10-1",,,
"W. Strickland, A Dictionary of Irish Artists, 2 vols. [1913]",Strickland 1913,Strickland 1913,,,
"Clare Stuart-Wortley, ‘Data from the Stuart Papers at Windsor dealing with the portraits of the Royal Stuarts, 1717-34’, typescript in RBF",Stuart-Wortley MSS,Stuart-Wortley MSS,,,
"D. Sutton, ‘The Roman Caricatures of Reynolds’, Country Life Annual 1956, 113-16",Sutton 1956,Sutton 1956,,,
"Northumb.RO, Newcastle",Swinburne MSS,Swinburne MSS,,,
"H. Swinburne, The Courts of Europe at the close of the last century, ed. C. White, 2 vols. [1841]","Swinburne, Courts","Swinburne, Courts",,,
"letters from John Talman in Italy, March 1708-April 1712; Bodl., MS Eng.lett.e.34 [to be pub. by the Wal.Soc.]",Talman letters MSS,Talman letters MSS,,,
"letters from C.H. Tatham and Richard Westmacott in Italy 1794-6 to Henry Holland; VAM, Department of Prints and Drawings, D.1479.3/4/8/13/14/18/20/21/ and 23-29 (copies in the Soane Museum; extracts published in Jenkins 1913, 503-10)",Tatham letters MSS,Tatham letters MSS,,,
"H. Tayler ed., ‘The Jacobite Court at Rome in 1719 from original documents at Fettercairn House and at Windsor Castle’, Scots.Hist.Soc., 3 ser., 31[1938]",Tayler 1938,Tayler 1938,,,
"A. and H. Tayler, Stuart Papers at Windsor [1939]",Tayler 1939,Tayler 1939,,,
"H. Tayler, Jacobite Epilogue, a further selection of letters from Jacobites among the Stuart Papers at Windsor [1941]",Tayler 1941,Tayler 1941,,,
"The Taylor Papers being a record of certain reminiscences, letters and journals in the life of Lieut. Gen. Sir Herbert Taylor ..., ed. E, Taylor [1913]",Taylor Papers,Taylor Papers,,,
"letters from William Theed in Italy 1790-95; BL, Add.53790 and one (Rome, 18 Jul.1792) in a priv.coll.",Theed letters MSS,Theed letters MSS,,,
"letters from Edward Thomas in Italy 1750-51 to Dr Jeremiah Milles; BL, Add.19941,ff.1-39",Thomas letters MSS,Thomas letters MSS,,,
"letters from James Thomson, Roman agent for the Scottish Catholic mission in Rome 1782-92; Scottish Catholic Archives, Edinburgh, Blairs letters, BL3/397/1-10",Thomson letters MSS,Thomson letters MSS,,,
"letters 1768-91 from Father John Thorpe in Rome to the 8th Baron Arnndell; Wilts CRO, Trowbridge, Arnndell MSS, 2667",Thorpe letters MSS,Thorpe letters MSS,,,
"letters 1767-81 from Father John Thorpe in Rome to the 8th Baron Arnndell; Clifford of Chudleigh MSS, priv. coll.",Thorpe letters MSS*,Thorpe letters MSS*,,,
"MS list of pictures sent to Wardour Castle from Italy by Father John Thorpe, May 1770-November 1776; Arundell MSS, Wilts CRO, Trowbridge, 2667",Thorpe list MSS,Thorpe list MSS,,,
"Thraliana, The Diary of Mrs Hester Lynch Piozzi 1776-1809, ed. K.C. Balderston, 2 vols. [1942]",Thraliana,Thraliana,,,
"papers of Charles Townley (corr., accts., etc.); BL (unsorted 1995)",Townley MSS,Townley MSS,,,
"The Treasure Houses of Britain, exh.cat, Washington [1965]",Treasure Houses,Treasure Houses,,,
"letters from Sir Gregory Page Turner in Italy 1768 to his uncle James Leigh; Stratford upon Avon, Leigh Muniments",Turner letters MSS,Turner letters MSS,,,
"I. Jenkins and K. Sloan, Vases and Volcanoes, Sir William Hamilton and his Collection, exh.cat. BM [1996]",Vases and Volcanoes,Vases and Volcanoes,,,
"J. Venn, Alumni Cantabrigienses, 4 vols. [1922-27]",Venn,Venn,,,
"Lettere e scritti inediti di Pietro e Alessandro Verri, ed. C. Casati [Milan 1879-81]","Verri, Cart.","Verri, Cart.",,,
"G, Vertue, Note Books, vol.III; Wal.Soc., 22[1934]","Vertue, 3","Vertue, 3:",,,
"G, Vertue, Note Books, vol.IV, Wal.Soc., 24[1936]","Vertue, 4","Vertue, 4:",,,
"G, Vertue, Note Books, vol.V, Wal.Soc., 26[1938]","Vertue, 5","Vertue, 5:",,,
"Countess of Verulam, ‘James Bucknall, Third Viscount Grimston', St Albans and Herts Architectural and Archaeological Soc.Trans. [1935]",Verulam 1935,Verulam 1935,,,
"travel diary of Lord Villiers in Italy 1755-6; Greater London RO, acc.510/254",Villiers jnl.MSS,Villiers jnl.MSS,,,
"L. Volpicella, I Libri dei Cerimoniali della Republica di Genova [1921]",Volpicella,Volpicella,,,
Voltaire 1967,Voltaire 1967,Voltaire 1967,,,
"G.F, Waagen, Treasures of Art in Great Britain, 3 vols, [1854]",Waagen,Waagen,,,
"Anecdotes of Painting in England ... collected by Horace Walpole, ed. R.W. Wornum, 3 vols. [1888]","Walpole, Anecdotes, 2","Walpole, Anecdotes, 2:",,,
"EW. Hilles and P.B. Daghlian ed., Anecdotes of Painting in England...collected by Horace Walpole...volume the fifth and last [1937]","Walpole, Anecdotes, 5","Walpole, Anecdotes, 5:",,,
"Horace Walpole’s Correspondence, ed. W.S. Lewis, 43 vols. + 5 vols, index [1937-83]",Wal.Corr.,Wal.Corr.,,,
The Walpole Society,Wal.Soc.,Wal.Soc.,,,
"E.K. Waterhouse, ‘The British Contribution to the Neo-Classical style in Painting’, Proceedings of the British Academy, 40 [1954]:57-74",Waterhouse 1954,Waterhouse 1954,,,
"E.K. Waterhouse, Dictionary of British 18th Century Painters [1981]",Waterhouse 1981,Waterhouse 1981,,,
"E.K. Waterhouse, Painting in Britain 1530-1790, 5th ed.",Waterhouse 1994,Waterhouse 1994,,,
"letters to the Abbé Walker principally from Dom.Placid Waters in Rome 1779-91; Lille, archives du nord, 18 H67",Waters letters MSS,Waters letters MSS,,,
"journal of George Waters in Italy 1710-11 with John Bellings; John Rylands Lib., Manchester, Eng. MS 1153 (Bellings MSS)",Waters jnl.MSS,Waters jnl.MSS,,,
"Thomas Watkins, Travels through Swisserland, Italy, Sicily, the Greek Islands, to Constantinople; through part of Greece, Ragusa, and the Dalmatian Isles; In a Series of Letters to Pennoyre Watkins Esq. from Thomas Watkins, A.M. in the Years 1787, 1788, 1789, 2 vols. [1792]","Watkins, Letters","Watkins, Letters",,,
"A. Finer and G. Savage, ed., The Selected Letters of Josiah Wedgwood [1965]",Wedgwood Letters,Wedgwood Letters,,,
"Dorset RO, Dorchester",Weld MSS,Weld MSS,,,
"correspondence of Robert Wharton, principally letters from him in Italy 27 October 1775-17 May 1776; Durham U. Lib., Wharton MSS",Wharton letters MSS,Wharton letters MSS,,,
papers of W.T. Whitley; BMPL,Whitley MSS,Whitley MSS,,,
"W.T. Whitley, Artists and their Friends in England 1700-1799, 2 vols. [1928]",Whitley 1928,Whitley 1928,,,
"W.T. Whitley, Art in England 1800-1820 [1928]",Whitley 1800-20,Whitley 1800-20,,,
"W.T. Whitley, Art in England 1821-37 [1928]",Whitley 1821-37,Whitley 1821-37,,,
"correspondence of Ralph Howard, Vct Wicklow; NLI, PC 227",Wicklow MSS,Wicklow MSS,,,
"The Correspondence of John Wilkes [with] Memoirs of his Life by John Almon, 5 vols. [1805]",Wilkes Corr.,Wilkes Corr.,,,
"letters from Lord Winchilsea in Italy 1772-3 to his mother Lady Charlotte Finch; Leics RO, Leicester, Finch MSS",Winchilsea letters MSS,Winchilsea letters MSS,,,
"C. Justi, Winckelmann und seine Zeitgenossen, 3 vols. [1898]",Winckelmann 1898,Winckelmann 1898,,,
"W. Rehm and H. Diepolder ed., Johann Joachim Winckelmann Briefe, 4 vols. [1952-7]",Winckelmann Briefe,Winckelmann Briefe,,,
"Lines Archives, Lincoln",Worsley MSS,Worsley MSS,,,
"letters from Earl Harrold and J. Gerrard in Italy 1715-16 to the Duke of Kent; Beds. RO, Bedford, L30/8/28 (Gerrard), L/30/8/33 (Harrold)",Wrest Park MSS,Wrest Park MSS,,,
"‘Expenses & Disbursements in Sr Watkins [Sir Watkin Williams Wynn] Expedition into foreign parts’ [1768-69]; NLW, Wynnstay MSS, box 115/1",Wynn disbursements MSS,Wynn disbursements MSS,,,
"M. Wynne, ‘Members from Great Britain and Ireland of the Florentine Accademia del Disegno 1700-1825', Burl.Mag., 132[1990]:535-8",Wynne 1990,Wynne 1990,,,
"The Wynne Diaries, ed. A. Fremantle, 3 vols.; 1 1789-94 [1935]; 2 1794-98 [1937]; 3 1798-1820 [1940]",Wynne Diaries,Wynne Diaries,,,
"Masterpieces from Yorkshire Houses, exh.cat., York [1994]",Yorkshire Houses,Yorkshire Houses,,,
"Sir William Young, MS Notebook, Reminiscences... (priv. coll.)",Young notebk.MSS,Young notebk.MSS,,,
"Arthur Young, Travels, During The Years 1787, 1788, and 1789 [Everyman ed. 1927]","Young, Travels","Young, Travels",,,