abbrev,full,bio,narrative,tours,,,,,,,,,
Abbot jnl.MSS,"journal of Charles Abbot in Italy 1788; PRO, Colchester MSS 30/9/40",,0,,,,,,,,,,
Abercairny MSS,"Moray of Abercairny MSS; SRO, GD 24/1/",,,2916,,,,,,,,,
ACS,Archivio di Casa Savoia; BRT,,,,,,,,,,,,
Addison Letters,"The Letters of Joseph Addison, ed. W Graham [1941]",,,,,,,,,,,,
Ailsa MSS,"SRO, GD 25/9",,,,,,,,,,,,
Anderson 1906,"P.J. Anderson, Records of the Scots Colleges at Douai, Rome, Madrid, Ratisbon, New Spalding Club, Aberdeen, 19th Rpt. [1906]",,,,,,,,,,,,
Andrich,"I.A. Andrich, De Natione Anglica et Scota, iustarum universitatis Patavinae [Padua 1892]",,1082,"169, 594, 861, 1201, 1268, 1895, 4500, 4601, 4602, 4685",,,,,,,,,
Angelicoussis,"E. Angelicoussis, The Woburn Abbey Collection of Classical Antiquities, Monumenta Artis Romanae xx [1992]",,,,,,,,,,,,
Anon.MSS 1699-1702,"Notes of several passages ... 1699-1702, and List of Foreign Acquaintance', Cambs.RO, Huntingdon, Manchester dep. of Deeds, box 3 (see J. Black, Studi Piemontesi, 17.1 [1988]:183-6)",,4210,,,,,,,,,,
Anon.MSS c.1752,"advice to a traveller in Italy; Staffs RO, Stafford, Dartmouth MSS, D.1778.V, 1, 112",,,,,,,,,,,,
Anon.jnl.MSS 1784,"Arundel MSS, Brynmor Jones 
Lib., U. of Hull, DD/EV/6/6",,,3678,,,,,,,,,
Anon.Tour 1792-3,"Extract of a Tour in Italy in 1792 and 1793 by 4 Ladies', The Antiquary, 33 [1897]: 273-8, 296-9",,,,,,,,,,,,
ANSL 51,"Accademia Nazionale di San Luca, Rome, archivio storico Decreti, Congregazioni 1755-60",,,,,,,,,,,,
ANSL 52,"Accademia Nazionale di San Luca, Rome, archivio storico Decreti, Congregazioni 1761-65",,,,,,,,,,,,
ANSL 53,"Accademia Nazionale di San Luca, Rome, archivio storico Decreti, Congregazioni 1773-79",,,,,,,,,,,ANSL 51,"Accademia Nazionale di San
Luca, Rome, archivio sforico
Decreti, Congregazioni 1755-60"
ANSL 55,"Accademia Nazionale di San Luca, Rome, archivio storico Decreti, Congregazioni 1795-1802",,,,,,,,,,,ANSL 51,"Accademia Nazionale di San
Luca, Rome, archivio sforico
Decreti, Congregazioni 1755-60"
Anson MSS,"Staffs RO, Stafford, D615/P(S) 1/6/",,,,,,,,,,,,
Armitage jnl.MSS,"journal of Whaley Armitage in Italy 1790-1; Camb.Trin.Lib., Add.a226, 37(1)-(3)",,"118, 2036",2192,,,,,,,,,
Artaud MSS jnl.,"papers of William Artaud; John Rylands Lib., Manchester: journal from Gibraltar toItaly Nov.-Dec.1795 (589550) ",,,,,,,,,,,,
Artaud MSS letters ,"papers of William Artaud; John Rylands Lib., Manchester: letters to his father, 26 Jul.1795-29 May 1799 (589551)",,,,,,,,,,,,
Artaud letter bk.,"papers of William Artaud; John Rylands Lib., Manchester: draft letters, 17 Mar.1797-24 Feb.1798, to other correspondents (589552)",,"207, 606","1331, 2092, 4716",,,,,,,,,
ASB AM 118,"Archivio di Stato di Bologna, Assunteria di Magistrati, Principi di passaggio e trattamenti I",,,,,,,,,,,,
ASF AD 153,"Archivio di Stato di Firenze; Accademia del Disegno; Ruolo de ... Accademici ... 1762 ['riddled with innaccuracies, especially with regard to the dates of elections of members'; Wynne 1990, 536]",,,,,,,,,,,,
ASF SA,"Archivio di Stato di Firenze, Stati delle Anime",,,,,,,,,,,,
ASF SE 2300,"Archivio di Stato di Firenze, Segreteria degli Esteri--Carteggio con Mann, Ministro d'Inghilterra 1737-70",,2464,"460, 776, 904, 2027, 2076, 2974, 3193, 3900, 3968",,,,,,,,,
ASF SE 2741,"Archivio di Stato di Firenze, Segreteria degli Esteri--Registro dei passaporti e visti 1758-89",,,"189, 421, 1099, 1640, 2633, 2876, 3570, 4799",,,,,,,,,
ASF SE 2340,"Archivio di Stato di Firenze, Segreteria degli Esteri--Carteggio con Ministri esteri residenti in Toscana 1766-97",,5166,,,,,,,,,,
ASG/GM 6,"Archivio di Stato di Genova, Giunta di Marina-Consoli nazionali ed esteri, 1707-80",,,,,,,,,,,,
ASG/GM 7,"Archivio di Stato di Genova, Giunta di Marina-Consoli nazionali ed esteri, 1707-80",,,2099,,,,,,,,,
ASG/GM 8,"Archivio di Stato di Genova, Giunta di Marina-Consoli nazionali ed esteri, 1707-80",,,,,,,,,,,,
ASG/GM 9,"Archivio di Stato di Genova, Giunta di Marina-Consoli nazionali ed esteri, 1707-80",,,,,,,,,,,,
ASG/GM 10,"Archivio di Stato di Genova, Giunta di Marina-Consoli nazionali ed esteri, 1707-80",,,,,,,,,,,,
ASG/GM 12,"Archivio di Stato di Genova, Consoli nazionali ed esteri, 1783-97",,,,,,,,,,,,
ASG AS 479,"Archivio di Stato di Genova, Archivio segreto--libro VI dei Cerimoniali, 1705-26",,,,,,,,,,,,
ASG FP 2648,"Archivio di Stato di Genova, Finanza pubblica--Forestieri 1708",,,,,,,,,,,,
ASG FP 2670,"Archivio di Stato di Genova, Finanza pubblica---Forestieri 1744",,,"3826, 4510",,,,,,,,,
ASG US 1819,"Archivio di Stato di Genova, Ufficio di sanita --Registrazioni di spedizioni dei capitani e patenti 1739",,,,,,,,,,,,
ASL C 165,"Archivio di Stato di Livorno, Comunita 1764-5",,,3729,,,,,,,,,
ASL G 1214,"Archivio di Stato di Livorno, Governo (protocolli, repertori, indici 1765-1808): A-K",,,"263, 453",,,,,,,,,
ASL G 1215,"Archivio di Stato di Livorno, Governo (protocolli, repertori, indici 1765-1808): A-K",,"757.1, 757.2, 757.3, 757.4","1227.1, 1227.2",,,,,,,,,
ASL G 1216,"Archivio di Stato di Livorno, Governo (protocolli, repertori, indici 1765-1808): A-K",,,1674,,,,,,,,,
ASL G 1217,"Archivio di Stato di Livorno, Governo (protocolli, repertori, indici 1765-1808): A-K",,,"2072.1, 2072.2",,,,,,,,,
ASLU MS,"Archivio di Stato di Lucca, Magistrato de' Segretari",,,,,,,,,,,,
ASLU OR 13,"Archivio di Stato di Lucca, Offizi sui Ricevimenti di Principi, ... 1606-1796",,,,,,,,,,,,
ASLU OR 14,"Archivio di Stato di Lucca, Offizi sui Ricevimenti di Principi, ... repertorio",,,,,,,,,,,,
ASM PE 53,"Archivio di Stato di Milano, Potenze estere: Inghilterra 1768-1846",,,,,,,,,,,,
ASN E 673,"Archivio di Stato di Napoli, Ministro Affari Esteri, Legazione del Governo Inglese
a Napoli 1789-90",,,"1341, 1626,1834, 2619, 4534, 4534.1",,,,,,,,,
ASN E 674,"Archivio di Stato di Napoli, Ministro Affari Esteri, Legazione del Governo Inglese a Napoli 1795-7",,"2651, 3236, 4800","1171, 1942, 2019, 2200, 4683.1, 4683.2, 4870, 5166",,,,,,,,,
ASN E 679,"Archivio di Stato di Napoli, Ministro Affari Esteri, Ministri esteri-Inghilterra
1764-6",,,,,,,,,,,,
ASN E 681,"Archivio di Stato di Napoli, Ministro Affari Esteri, Legazione del Governo Inglese a Napoli 1771-87",,,,,,,,,,,,
ASN E 682,"Archivio di Stato di Napoli, Ministro Affari Esteri, Legazione del Governo Inglese a Napoli 1771-87",,,"485, 3284, 4255, 4467",,,,,,,,,
ASN E 683,"Archivio di Stato di Napoli, Ministro Affari Esteri, Legazione del Governo Inglese a Napoli 1771-87",,"3666, 4020, 5251","755, 3327, 4261",,,,,,,,,
ASN E 684,"Archivio di Stato di Napoli, Ministro Affari Esteri, Legazione del Governo Inglese a Napoli 1771-87",,"3666, 4020",755,,,,,,,,,
ASN CRA 1257,"Archivio di Stato di Napoli, Casa Reale Antica, Passaporti 1752-4",,"4092, 4536, 4646","78, 203, 369, 427, 589, 893, 1114, 1314, 1512, 1559, 1668, 1900, 1950, 2108, 2260, 2706, 2718, 2837.1, 2837.2, 2880, 3061, 3126, 3209, 3560, 4114, 4449, 4631, 4645.1, 4645.2, 4937, ",,,,,,,,,
ASN CRA 1258        ,"Archivio di Stato di Napoli, Casa Reale Antica, Passaporti 1762-6",,,3826,,,,,,,,,
ASN CRA 1259        ,"Archivio di Stato di Napoli, Casa Reale Antica, Passaporti 1771-4",,"2556, 4235, 5063","96, 258, 523, 538, 628, 1008, 1147, 1190, 1699, 1808, 1998, 2230, 2494, 2593, 3659, 3689, 3926, 4430, 4939, 5101, 5148",,,,,,,,,
ASN CRA 1277       ,"Archivio di Stato di Napoli, Casa Reale Antica, Passaporti 1761-6",,,"296, 3445, 3750, 3865, 4749, 4755, ",,,,,,,,,
ASR ABA 4,"Archivio di Stato di Roma, camerale II, Antichità e Belle Arti, 113/6,  Scavi Roma 1756-68",,,,,,,,,,,,
ASR ABA 11,"Archivio di Stato di Roma, camerale II, Antichità e Belle Arti, 113/6, Permessi di esportazione",,"3065, 3172",,,,,,,,,,
ASR ABA 12,"Archivio di Stato di Roma, camerale II, Antichità e Belle Arti, 113/6, Permessi di esportazione",,,,,,,,,,,,
ASR ABA 13,"Archivio di Stato di Roma, camerale II, Antichità e Belle Arti, 113/6, Permessi di esportazione",,,,,,,,,,,,
ASR ABA 14,"Archivio di Stato di Roma, camerale II, Antichità e Belle Arti, 113/6, Permessi di esportazione",,,,,,,,,,,,
ASR ABA 15,"Archivio di Stato di Roma, camerale II, Antichità e Belle Arti, 113/6, Permessi di esportazione",,,,,,,,,,,,
ASR ABA 16,"Archivio di Stato di Roma, camerale II, Antichità e Belle Arti, 113/6, Permessi di esportazione",,,,,,,,,,,,
ARS C 1024,"Archivio di Stato di Roma, Civitavecchia, Atti del Consolato del Mare MSS, 1768-76",,,,,,,,,,,,
ASR CO iv,"Archivio di Stato di Roma, camerale II, Consolati, Ancona 1790-94 ",,,,,,,,,,,,
ASR CO v,"Archivio di Stato di Roma, camerale II, Consolati, Civitavecchia 1770-94",,,,,,,,,,,,
ASR TF,"Archivio di Stato di Roma, camerale III, Teatri, Feste religiosi",,,,,,,,,,,,
Assheton list MSS,"William Assheton, 'List of People seen since leaving England 18th June 1783'; priv.coll.",,,"384, 503, 507, 1010, 1078, 1297, 3960.1, 3960.2, 4250, 4311",,,,,,,,,
AST AR,"Archivio di Stato di Torino (.1), Istruzione pubblica, Accademia reale (mazz.1)",,,"3416.1, 3416.2",,,,,,,,,
AST CD,"Archivio di Stato di Torino (sez.1), Carteggio Diplomatico",,,,,,,,,,,,
AST CE,"Archivio di Stato di Torino (sez.1), Corti estere, Toscana 
(mazz.4 di 2a add.)",,,3288,,,,,,,,,
AST CF,"Archivio di Stato di Torino (sez.1), Cerimoniale, Funzioni diverse,
 mazz.1 d'add. (nota dei forestieri 
presentati a corte 1779-86)",,,"128, 970, 2137, 2414, 4772",,,,,,,,,
AST CI,"Archivio di Stato di Torino (sez.1), Cerimoniale, Inghilterra 
(mazz.1 d'add.)",,,,,,,,,,,,
AST LP,"Archivio di Stato di Torino (sez.1), Lettere particolari",,,,,,,,,,,,
ASV IS 72,Archivio di Stato di Venezia Inquisitori di Stato Lettere ai Rettori di Padova,,,,,,,,,,,,
ASV IS 203,Archivio di Stato di Venezia Inquisitori di Stato Minuti e memorie del Segretario 1778-9,,,,,,,,,,,,
ASV IS 224,Archivio di Stato di Venezia Inquisitori di Stato Dispacci dai Rettori di Bergamo 1791-3 ,,,"1076, 5146",,,,,,,,,
ASV IS 225,Archivio di Stato di Venezia Inquisitori di Stato Dispacci dai Rettori di Bergamo 1794-95,,,"374, 1322",,,,,,,,,
ASV IS 227,Archivio di Stato di Venezia Inquisitori di Stato Dispacci dai Rettori di Bergamo 1795,,,3236,,,,,,,,,
ASV IS 228,Archivio di Stato di Venezia Inquisitori di Stato Dispacci dai Rettori di Bergamo 1796-7,,,,,,,,,,,,
ASV IS 284,"Archivio di Stato di Venezia Inquisitori di Stato Senato, Dispacci: Roma",,,,,,,,,,,,
ASV IS 319,"Archivio di Stato di Venezia Inquisitori di Stato Senato, Corti",,,,,,,,,,,,
ASV IS 759-781,"Archivio di Stato di Venezia Inquisitori di Stato Note dei forestieri: Venezia, 1766-Feb, 1797",,"253, 3308","22, 373, 385, 391, 814, 936, 965, 1097, 1153, 1218, 1246, 1328, 1387, 1411, 1449, 1830, 3262, 3315, 3451, 3582, 3709, 3767, 3973, 4264",,,,,,,,,
ASV ,Archivio di Stato di Venezia Inquisitori di Stato,,"20, 26, 1014, 1496, 1919, 2410.1, 2410.2, 2571, 2698.1, 2698.2, 2830, 3127, 3281, 3447, 3680, 3735, 4123, 4227, 4418, 4514","27, 50, 57, 65, 71, 74, 121, 142, 195, 243, 270, 305, 316, 365, 387, 425, 431, 450, 470, 545, 582, 616.1, 616.2, 619.1, 619.2, 640, 646, 653, 657, 669, 675, 677, 731, 739, 784, 810, 899, 921, 935, 953, 959, 1037, 1049, 1050, 1059, 1061, 1065, 1066, 1110, 1118, 1121, 1126, 1140, 1142, 1291, 1292.1, 1292.2, 1320, 1325, 1329, 1331, 1410, 1415, 1434, 1458, 1462, 1467, 1493, 1507, 1524, 1526, 1537, 1565, 1665, 1667.1, 1667.2, 1707, 1711, 1716, 1749, 1783, 1795, 1806, 1827, 1834, 1856.1, 1856.2, 1864.1, 1864.2, 1889, 1942, 1950, 1953, 1995, 2024, 2049, 2052, 2066, 2081, 2084, 2090, 2091, 2092, 2102, 2106, 2125, 2126, 2150, 2178, 2195, 2227, 2229, 2231, 2240, 2254, 2256, 2268, 2292, 2296, 2313, 2325, 2415, 2476, 2485, 2486, 2497, 2526, 2535, 2571, 2573, 2578, 2587, 2600, 2618, 2619, 2705, 2711, 2713, 2743, 2756, 2786, 2810, 2860, 2926, 2940, 2973, 2975, 2976, 2983, 3001, 3072, 3090, 3092, 3106, 3108, 3184, 3196, 3212, 3213, 3216, 3236, 3242, 3246, 3269, 3289, 3331, 3366, 3410, 3412, 3423, 3439, 3443, 3451, 3459, 3477, 3500, 3506, 3596, 3621, 3630, 3645, 3654, 3661, 3712, 3740, 3754, 3772, 3806, 3858, 3859, 3902, 3913, 3915, 3967.1, 3967.2, 3967.3, 3967.4, 3973, 3984, 4025, 4048, 4080, 4110, 4117, 4142, 4149, 4180, 4191, 4226, 4253, 4265, 4364, 4395, 4474, 4513, 4521, 4522, 4534, 4557, 4572, 4615, 4618, 4620, 4631, 4662, 4676, 4700, 4705, 4731, 4732, 4748, 4752, 4787, 4789, 4798, 4816, 4836, 4891, 4892, 4923, 4940, 4943, 4955, 4986, 4991, 5021, 5023, 5027, 5039, 5051, 5084, 5123, 5131, 5134, 5135, 5136, 5142, 5147, 5168, 5227, 5241",,,,,,,,,
ASV IS 782-83,"Archivio di Stato di Venezia Inquisitori di Stato Note dei forestieri: Bassano, Bergamo, Brescia, Padua, Verona,Vicenza, etc., 1794-97",,,,,,,,,,,,
ASV IS 914,Archivio di Stato di Venezia Inquisitori di Stato Teatri 1665-1797,,,,,,,,,,,,
ASV IS 919,Archivio di Stato di Venezia Inquisitori di Stato Atti vari [ inc. Licenze per visitar l'Arsenal 1772-9 and Elenchi di navi 1702],,,,,,,,,,,,
ASVR US XXXVII,"Archivio di Stato di Verona, Ufficio di Sanita', Contumacie civili e militari 1738-44",,,1120,,,,,,,,,
ASVR US XXXVIII,"Archivio di Stato di Verona, Ufficio di Sanita', Contumacie civili e militari 1738-44",,5117,,,,,,,,,,
ASVR US XXXIX,"Archivio di Stato di Verona, Ufficio di Sanita', Contumacie civili e militari 1738-44",,,,,,,,,,,,
Attingham MSS,priv.coll. (inc. letters to Lady Bruce from Italy 1794-7),,,24,,,,,,,,,
AVR LM,"Archivio del Vicariato, S.Giovanni in Laterano, Rome Liber Mortuorum",,,2298,,,,,,,,,
AVR SA,"Archivio del Vicariato, S.Giovanni in Laterano, Rome Stati delle Anime",,"1588, 1886, 1984, 3699, 4646","27, 49, 114, 209, 302, 580, 668.1, 668.2, 826, 843, 870.1, 870.2, 940, 1020, 1020.1, 1054, 1171, 1290, 1338, 1566.1, 1566.2, 1641, 1802, 1881, 2019, 2055, 2078, 2139.1, 2139.2, 2176, 2192, 2217, 2227, 2578, 2581, 2891, 2895, 3138, 3144, 3166, 3293, 3323, 3427, 3432, 3451, 3480, 3526, 3627, 3704, 3777, 3818, 3906, 3943, 4053, 4225.1, 4225.2, 4361, 4378, 4400, 4401, 4407, 4430, 4481, 4586, 4602, 4618, 4732, 4844, 4983, 5145",,,,,,,,,
Badminton MSS,"Badminton House, Glos.",,,,,,,,,,,,
"Baillie, Household Bk.","The Household Book of Lady Grisell Baillie 1693-1733, ed. R. Scott-Moncrieff, Scots.Hist.Soc., n. ser. 1[1911]",,187,2233,,,,,,,,,
Baldwyn Letters,"letters from Charles Baldwyn to his cousin Adam Ottley, in Shropshire Archaeological and Natural Hist.Soc. Trans., 4th ser. 2[1912]:347-79",,,,,,,,,,,,
Balfour of Fernie MSS,priv.coll. (NRA 14146),,,,,,,,,,,,
Bankes MSS,"Henry Bankes, letters to his mother from Italy 1778-80 and 1782 and diaries of his grand tour 1778-80; Kingston Lacy Mss, Dorset RO, Dorchester, on deposit from the National Trust (notes from A. Cleminson in RBF)",,220,"1902.1, 1902.2, 1950, 3895, 3959, 4379",,,,,,,,,
Barker jnl.MSS,"Henry Alton Barker, journals and sketchbooks 1799-1805; NLS, MS.9647",,,4775,,,,,,,,,
Barne letters MSS,"letters from Miles Barne in Italy 1771; Suffolk RO, Ipswich, HA53:359/130, 114, 109, 110.",,253,,,,,,,,,,
Barrett-Lennard MSS,"letters from Thomas Barrett in
 Italy 1749-50 to Nicholas Hardinge; Essex RO, 
Chelmsford, D'DL C43/3/224-8",,,,,,,,,,,,
Barrington MSS,"BL [formerly Suffolk RO, HA 174/1026/68]",,,,,,,,,,,,
"Barry, Works","The Works of James Barry, Historical Painter, 2 vols. [ 1809]",,,,,,,,,,,,
Beckingham list MSS,list of works of art acquired by Stephen Beckingham from Italy [1752-]; priv.coll.,,335,,,,,,,,,,
Belgioioso Letters,"Corrispondenza di Alberigo Barbiano di Belgioioso con diversi 1759-96; Archivio Storico Civico e Biblioteca Trivulziana, Milan",,,"4245, 4430",,,,,,,,,
"Bell, Banks","C.F. Bell, Annals of Thomas 
Banks [1938]",,,"2170, 2749, 3802",,,,,,,,,
Bentham jnl.MSS,"journal of Mrs Sarah Bentham 
in Italy 1793-4; PRO, Colchester
 MSS, 30/9/ 43, 44",,"366, 1648, 2087","61, 383, 939, 1650, 2125, 2231, 2429, 3907, 4644",,,,,,,,,
Bentinck letters MSS,"letters from Willem Bentinck in Italy 1727-8, to his mother, the Countess of Portland; BL, Eg.1711",,,,,,,,,,,,
"Berkeley Jnls.
","The Works of George Berkeley, ed. A.A. Luce and T.E. Jessop vol.7, Berkeley's Journals of Travels in Italy [1955], 231-333",,,,,,,,,,,,
Berkeley Letters,"The Works of George Berkeley, ed. A.A. Luce and T.E. Jessop vol.8, Letters [1956]",,,,,,,,,,,,
Bernege letters MSS,"letters from Moses Bernege in Italy 1727-8 with Willem Bentinck, to the Countess of Portland; BL, Eg.1711",,473,247,,,,,,,,,
Berry Jnls.,"Extracts from the Journals and Correspondence of Miss Berry 1783-1852, ed. by Lady Theresa Lewis, 3 vols. [1866 ed.]",,,3260,,,,,,,,,
"Bertolotti, 2:","A. Bertolotti, 'Esportazione di oggetti di Belle Arti da Roma nei secoli XVII e XVIII' in Fabio Gori, Archivio Storico Artistico
Archeologico e Letterario della Citta e Provincia di Roma, 2[1877]:212-24",,,1139,,,,,,,,,
"Bertolotti, 4:","A. Bertolotti, 'Esportazione di oggetti di Belle Arti da Roma nei secoli XVII e XVIII' in Fabio Gori, Archivio Storico Artistico
Archeologico e Letterario della Citta e Provincia di Roma, 4[1880]:74-90",,,"2271, 2451, 2989, 4249",,,,,,,,,
Black 1984,"J. Black, 'The Grand Tour and Savoy-Piedmont in the Eighteenth Century', Studi Piemontesi, 13.1[1984]:140-62",,,1187,,,,,,,,,
Black 1985,"J. Black, The British and the Grand Tour [1985]",1303,,,,,,,,,,,
Black 1992,"J. Black, The British Abroad. The
 Grand Tour in the Eighteenth
 Century [1992]",,,1160,,,,,,,,,
Blackburne 1780,"F. Blackburne, Memorials of Thomas Hollis [1780]",,,,,,,,,,,,
Blackett letters MSS,"letters from William Blackett in Italy to his father 1785; Northumb.
 RO, Newcastle, ZBL 239",,"443, 2396, 5053.1, 5053.2",3541,,,,,,,,,
Blagden Jnl.,"travel diary of Sir Charles Blagden in Italy 1792-3: the Geneva portion only pub. Notes and Records, R. Soc. of London, 8.1[1950]:65ff.",,447,,,,,,,,,,
Blagden Letters,"Some Letters of Sir Charles Blagden' in Italy 1792-3, Notes and Records, R. Soc.of London, 8.2 [1951]:254-60",,447,,,,,,,,,,
Blathwayt Letters,"N. Hardwick, The Grand Tour, Letters Letters and Accounts relating to the Travels through Europe of the Brothers William and John Blathwayt of Dyrham Park 1705 -08, [1985] (Mss in Glos. RO., Gloucester, D17 99/q [letters];D1799/A 325 [accts.and recpts.])",,1547,,,,,,,,,,
Bodoni cart.,"Carteggio Bodoni, corr. of G .B.
 Bodoni (1740-1813); BPP",,1567,,,,,,,,,,
Bologna [newspaper],newspaper of Bologna,,,,,,,,,,,,
"Bolton, Soane","A.T. Bolton ed., The Portrait of Sir John Soane R.A., Set forth in Letters from his Friends (1775-1837) [1928]",,,,,,,,,,,,
Borroni 1947a,"F. Borroni Salvadori, 'Francesco Maria Niccolò Gabburri e gli artisti contemporanei', Annali della Scuola Normale Superiore di Pisa, Classe di Lettere e Filosofia [1974]:1503-64",,,,,,,,,,,,
Borroni 1947b,"F. Borroni Salvadori, 'Le esposizioni d' arte a Firenze dal 1674 al 1767', Mitteilungen des Kunst.Inst. in Florenz, 18[1974]:1-165",,,,,,,,,,,,
Borroni 1979,"F. Borroni Salvadori, 'Memorialisti e diaristi a Firenze nel periodo Leopardino 1765-90. Spigolature d'arte e di costume', Annali della Scuola Normale Superiore di Pisa, Classe di Lettere e Filosofia [1979], 1189-1291
",,,,,,,,,,,,
Borroni 1983a,"F. Borroni Salvadori, 'Ignazio Enrico Hugford', Annali della Scuola Normale Superiore di Pisa, Classe di Lettere e Filosofia [1983], 1025-56",,2565,,,,,,,,,,
Borroni 1983b,"F. Borroni Salvadori, 'Personaggi inglesi inseriti nella vita del '700: Lady Walpole e il suo ambiente', Mitteilungen des Kunst.Inst.in Florenz, 27[1983]: 83-124",,,,,,,,,,,,
Borroni 1983c,"F. Borroni Salvadori, 'A passo a passo dietro a Giuseppe Bencivenni Pelli al tempo della Galleria', Rassegna Storica Toscana, 29.1[1983l:3-53 and 29.2[1983]:154-205
",,,,,,,,,,,,
Borroni 1984,"F. Borroni Salvadori, 'In Galleria gli artisti e i viaggiatori del Settecento contribuiscono a diffondere il mito di Raffaello', Rassegna Storica Toscana, 30.1[1984):21-59
",,,904,,,,,,,,,
Borroni 1985,"F. Borroni Salvadori, 'Artisti e viaggiatori agli Uffizi nel Settecento 1', Labyrinthos, 4, 7/8 [1985l:3-72",,,2094,,,,,,,,,
Borroni 1986,"F. Borroni Salvadori, 'Artisti e viaggiatori agli Uffizi nel Settecento 2', Labyrinthos, 10[1986]: 38-92",,,"2634, 3339, 4715",,,,,,,,,
Borroni 1987,"F. Borroni Salvadori,  'Artisti e viaggiatori agli Uffizi nel Settecento 3', Labyrinthos, 12[1987]: 93-156",,"2602, 2949, 3325",2368,,,,,,,,,
Borroni 1990,"F. Borroni Salvadori, 'Artisti e viaggiatori agli Uffizi nel Settecento 4', Labyrinthos, 17/18[1990]: 199-224",,,,,,,,,,,,
Borroni 1991,"F. Borroni Salvadori, 'Artisti e viaggiatori agli Uffizi nel Settecento 5', Labyrinthos, 19/20[1991]: 227-72",,,3599,,,,,,,,,
"Boswell, Italy","Boswell on the Grand Tour: Italy, 
Corsica, and France 1765-1766, ed. F. Brady and EA. Pottle [1955] ",,"2659, 4072.1, 4072.2",1485,,,,,,,,,
Brand letters MSS A,"letters from Thomas Brand (c.1751-1814) in Italy 1783-4, 1787 and 1790-4: HMC Ailesbury, 249-61",,"556, 654",,,,,,,,,,
Brand letters MSS C,"letters from Thomas Brand (c.1751-1814) in Italy 1783-4, 1787 and 1790-4: to his sister Susan Brand (later Mrs Carr); CUL, Add.8670/1-40",,"556, 654, 1932",,,,,,,,,,
Brand letters MSS D,"letters from Thomas Brand (c.1751-1814) in Italy 1783-4, 1787 and 1790-4: to the Rev Robert Wharton; Durham U. Lib., Wharton MSS",,556,,,,,,,,,,
Brand letters MSS E,"letters from Thomas Brand (c.1751-1814) in Italy 1783-4, 1787 and 1790-4: to Mrs Carr with one to the Rev J. Hall (12 Sep.1791) and one to the Rev Mr Carr (18 Jun.1791); NLS, Brand MSS, acc.10061",,"556, 654, 3450",1543,,,,,,,,,
Brettingham 1983,"J. Kenworthy-Browne, 'Matthew Brettingham's Rome Account Book 1747-54: Wal.Soc., 49[1983]: 37-132",,,"2004, 3827",,,,,,,,,
"Brigstocke, Buchanan","H. Brigstocke, William Buchanan and the 19th century Art Trade [1982] ",,5161,,,,,,,,,,
Brizzi 1976,"G.P. Brizzi, 'La pratica del viaggio d'istruzione in Italia nel Sei- Settecento', Annali dell' Istituto storico italo-germanico in Trento, 2[1976]: 203-91 ",,,"1875, 1974, 1975, 4667",,,,,,,,,
Broadlands MSS,"Southampton U., Hartley Lib., MS 62 [contents of the archive is described in Connell 1957, 466-73]",,,,,,,,,,,,
"Brooke, Observations","N. Brooke, Observations on the Manners and Customs of Italy [1798]",,"2347, 4099","5101, 5286",,,,,,,,,
Brown 1921,"H.F. Brown, Inglesi e Scozzesi all' Universita di Padova dall' anno 1618 sino al 1765 [1921] ",,"652, 720, 1082, 2405, 4199, 4972, 5218","46, 59, 76, 77, 124, 168, 169, 188, 193, 284, 298, 336, 339, 344, 360, 400, 486, 488, 500, 519, 550, 569, 571, 590, 594, 596, 647, 681, 684, 759, 760, 791, 822, 830, 846, 849, 888, 896, 915, 925, 927, 962, 965, 971, 988, 1020, 1020.1, 1039, 1100, 1103, 1106, 1128, 1145, 1150, 1201, 1231, 1232, 1239, 1254, 1404, 1413, 1418, 1437, 1450, 1472, 1478, 1525, 1541, 1550, 1551, 1564, 1588, 1605, 1607, 1612, 1622, 1634, 1639, 1676, 1726, 1737, 1763, 1778, 1789, 1895, 1916, 1924, 1925, 1928, 1934, 1938, 1945, 1983, 2008, 2011, 2050, 2053, 2058, 2099, 2185, 2273, 2285, 2293, 2300, 2303, 2308, 2315, 2316, 2324, 2362, 2403, 2435, 2441, 2460, 2475, 2515, 2516, 2534, 2539, 2551, 2584, 2604, 2640, 2662, 2669, 2704, 2752, 2765, 2784, 2791, 2808, 2809, 2812, 2824, 2826, 2924, 2927, 2930, 2932, 2938, 2970, 2986, 2996, 3002, 3034, 3045, 3048, 3058, 3102, 3115, 3117, 3147, 3167, 3201, 3214, 3222, 3237, 3251, 3252, 3264, 3301, 3302, 3317, 3318, 3336, 3358, 3379, 3382, 3400, 3406, 3437, 3486, 3507, 3511, 3515, 3525, 3563, 3587, 3590, 3594, 3639, 3640, 3650, 3683, 3686, 3736, 3757, 3768, 3822, 3841, 3870, 3874, 3885, 3923, 3951, 3956, 3962, 3966, 3979, 4000, 4014, 4017, 4026, 4041, 4042, 4050, 4061, 4079, 4092, 4104, 4121, 4133, 4136, 4204, 4231, 4247, 4254, 4262, 4305, 4317, 4336, 4367, 4368, 4382, 4383, 4394, 4402, 4408, 4413, 4419, 4421, 4422, 4436, 4438, 4459, 4466, 4485, 4500, 4542, 4547, 4560, 4601, 4602, 4604, 4677, 4682, 4685, 4694, 4737, 4740, 4757, 4776, 4823, 4825, 4874, 4885, 4917, 4927, 4980, 5010, 5018, 5056, 5078, 5095, 5098, 5100, 5105.1, 5105.2, 5122, 5130, 5204, 5220, 5238, 5253, 5254, 5256, 5280",,,,,,,,,
Buchanan 1824,"W. Buchanan, Memoirs of Painting, 2 vols. [1824]",,2627,,,,,,,,,,
Burghley MSS,Burghley House ,,,,,,,,,,,,
Burke Corr.,"Correspondence of the Rt.Hon. Edmund Burke, ed. Earl Fitzwilliam, and Sir R. Bourke, 4 vols. [1844] ",,,,,,,,,,,,
Burl.Mag.,The Burlington Magazine,,,,,,,,,,,,
"Burney, Tour","C. Burney, The Present State of Music in France and Italy: or, the Journal of a Tour through those Countries, undertaken to collect Materials for a General History of Music [2nd ed. 1773] ",,,"33, 3661, 3819, 4269",,,,,,,,,
Byres 1987,"H. Gordon Slade, 'James Byres of Tonley 1734-1817, The Aberdeen Years', Deeside Field,19[1987]:130-39",,2980,,,,,,,,,,
Byres 1989,"D. Ridgway, 'James Byres and the ancient State of Italy: unpublished documents in Edinburgh', Istituto di studi Etruschi e Italici, secondo congresso internazioriale Etrusco, Atti, 1:213-29",,,,,,,,,,,,
Byres letters MSS C,"letters from James Byres in Rome to William Constable 1766-74; Humberside Co. Archives, Beverley; Chichester-Constable MSS, DD/CC/145/6 ",,5226,,,,,,,,,,
Byres letters MSS Y,"letters from James Byres in Rome to Philip Yorke 1779-84; PRO NI, Caledon Castle Mss, 0433/69/ ",,,,,,,,,,,,
Byres MSS,"business papers of Patrick Moir acting for James Byres; includes May 1790 inventory of Byres's house in Rome; NLS, Moir/Byres MSS, deposit 184B",,1077,"1171, 1996, 2132",,,,,,,,,
Canning letters MSS,"letters from Francis Canning in Italy 1793; Glos.RO, Gloucester, D2857/2/16 ",,,,,,,,,,,,
Canoviani MSS,"correspondence of Antonio Canova; Biblioteca Civica, Bassano del Grappa",,,,,,,,,,,,
Carr letters MSS,"letters from Henry Carr in Italy 1739-40, and from John and Harriet Carr in Italy 1791-4; Northumb. RO, Newcastle, Carr-Ellison MSS, 855/B4 ",,,,,,,,,,,,
Carter Letters,Mrs Mary Carter's Letters [1860],,"831, 3717",,,,,,,,,,
Cawdor MSS,"correspondence of 1st Baron Cawdor; Carmarthen RO, Cawdor MSS, box 129 ",,,957,,,,,,,,,
CB,"G.E. C[okayne], Complete Baronetage ",,"3089, 4046",3114,,,,,,,,,
Chaloner 1950,"W.H. Chaloner, 'The Egertons in Italy and the Netherlands, 1729-34. With two unpublished letters from Joseph Smith, sometime H.M. Consul at Venice', Bull.of the John Rylands Lib., 32[1950] :157-70 ",,,,,,,,,,,,
Charlemont MSS,RIA,,,,,,,,,,,,
"Chesterfield, Letters","Chesterfield (4th Earl of), Letters, ed. B. Dobrée, 6 vols. [1932] ",,,,,,,,,,,,
Chetham jnl.MSS,"Humphrey Chetham's Journal 1702-12; Chetham Library, Manchester, Chetham MSS, no.8",,"641, 917",5039,,,,,,,,,
Chichester-Constable MSS,"Humberside Co.Archives, Beverley",,,"2142, 4754",,,,,,,,,
CL,Country Life,,,,,,,,,,,,
Clark/Bowron,"A.M. Clark, ed. E.P. Bowron, Pompeo Batoni [1985] [ref. to cat.nos.]",,"47, 122, 220, 221, 259, 332, 335, 377, 448, 573, 587, 644, 664, 699, 746, 863, 897, 929, 981, 1033, 1086, 1130, 1207, 1223, 1283, 1284, 1300, 1305, 1305, 1316, 1340, 1366, 1370, 1377, 1389, 1516, 1603, 1631, 1633, 1692, 1697, 1704, 1705, 1709, 1800, 1820, 1909, 1914, 1946, 1948, 1949, 1968, 2003, 2022, 2042, 2104, 2118, 2131, 2164, 2203, 2344, 2363, 2417, 2431, 2540, 2625, 2722, 2747, 2764, 2799, 2885, 2886, 2918, 2982, 3044, 3068, 3234, 3294, 3378, 3387, 3420, 3433, 3472, 3545, 3652, 3799, 3887, 3909, 3957, 4009, 4085, 4166, 4212, 4302, 4439, 4475, 4509, 4541, 4552, 4567, 4571, 4624, 4655, 4760, 4762, 4770, 4864, 4993, 5044, 5162, 5217, 5261, 5277, 5279  ","1776, 2890, 3421",,,,,,,,,
"Clarke, Life","Rev W. Otter, The Life and Remains of Edward Daniel Clarke, 2 vols. [1825] ",,,,,,,,,,,,
Clerk of Penicuik MSS,"SRO, GD 18; correspondence of Alexander and Sir John Clerk 1733-7 (4564), letters from Robert Adam 1754-7 (4745-4839), James Adam 1760-63 (4861-4957), and John Clerk 1768-70 (5494) ",,,"2604, 2717, 3093.1, 3876",,,,,,,,,
Clitherow jnl.MSS,"journal of James Clitherow in Italy 1789-90, formerly coll. F.J.B. Watson ",,1004,2000,,,,,,,,,
Cochrane jnl.MSS,"journal of Capt.William Cochrane in Italy 1794-6; Edinburgh U.Lib., Laing MSS 792",,"302, 1014","78, 191, 967, 2587, 3631, 3950, 4127, 4953, 5039, 5168",,,,,,,,,
Coke accts.MSS,account book of Thomas Coke's expenses 1714-18 kept by Edward Jarrett; Holkham MS 733 and 734,,,"62, 2054, 2192",,,,,,,,,
Coke Letters,"Lady Mary Coke, Letters and Journals, 1756-74, 4 vols.[1889-96]",,,1158,,,,,,,,,
"Cole, Memoirs","Christian Cole, Historical and Political Memoirs [ 1735] ",,,,,,,,,,,,
Commons 1,"The History of Parliament. The House of Commons 1715-54, ed. R. Sedgwick, 2 vols. [1970]
 ","1457, 2453, 4355",,"3426, 3595",,,,,,,,,
Commons 2,"The History of Parliament. The House of Commons 1754-90, ed. L. Namier and J. Brooke, 3 vols. [1964]","765, 885, 4353, 5073","1851, 2018, 2060, 2115","95, 326",,,,,,,,,
Commons 3,"The History of Parliament. The House of Commons 1790-1820, ed. R.G. Thorne, 5 vols. [1986]",,1491,1715,,,,,,,,,
Compton MSS,"Castle Ashby, Northants",,,,,,,,,,,,
Connell 1957,"B. Connell, Portrait of a Whig Peer, compiled from the papers of the Second Viscount Palmerston 1739-1802 [1957] ",,,449,,,,,,,,,
"Constable, Flaxman","W.G. Constable, John Flaxman [1927]",,,,,,,,,,,,
"Constable, Wilson","W.G. Constable, Richard Wilson [1953]",,,4194,,,,,,,,,
Contstable-Links,"W.G. Constable, J.G. Links, Canaletto, 2 vols. [1976] ",,,,,,,,,,,,
"Copley, Letters","Letters and Papers of John Singleton Copley and Henry Pelham 1739-76, Mass.Hist.Soc. [1914] ",,,,,,,,,,,,
Cork Letters,"Letters from Italy in the years 1754 and 1755, by the late right Honourable John Earl of Corke and Orrery [1773] ",,1134,,,,,,,,,,
Cotes jnl.MSS,"journal of John Cotes in Italy 1772; Pitchford MSS, priv.coll.",,"1144, 5162","493, 2054, 2371, 2556, 2880",,,,,,,,,
Cour de Stuarts 1992,"La Cour des Stuarts à Saint- Germain-en-Laye au temps de Louis XIV, exh.cat., Saint-Germain-en-Laye [1992] ",,,,,,,,,,,,
Coutts ledgers,"Coutts Bank, London; MSS letter books ",,"1397,  4148","1427, 2863, 3124, 5060",,,,,,,,,
Cowling jnl.MSS,"journal of Peter Cowling in Italy 1786; CUL, Palmer MSS, C/4 (original), C/5 (fair copy with sketches and later notes) ",,"1163, 1356, 4283.1, 4283.2",,,,,,,,,,
CP,"G.E.C[okayne], The Complete Peerage","658, 3192, 4906","12, 480, 1055, 1713, 2043, 2051, 2589, 2783, 3347, 3392, 4037, 4461, 4624, 4972, 5190",4286,,,,,,,,,
Cust,"L.Cust, History of the Society of Dilettanti [1898]",4207,4830,,,,,,,,,,
DAB,Dictionary of American Biography ,,3308,,,,,,,,,,
Dalrymple of Newhailes MSS,"NLS, acc.7228",,,,,,,,,,,,
Danby jnl.MSS,"journal of William Danby in Italy 1788-9; N. Yorks.RO, Northallerton, ZS [microfilm no.2291, frames 2819-77] ",,1286,"1189.1, 1189.2, 1832, 1903, 1904, 2604, 3362, 3454, 4298, 4430, 4648",,,,,,,,,
Dance letters MSS,"letters from George and Nathaniel Dance in Italy 1760-63 to their family; RIBA, MSS DA FAM/1/3. ",,,,,,,,,,,,
DBA,"H. Colvin, Dictionary of British Architects [3rd ed. 1995]",1944,"178, 301, 566, 1177, 2402, 3448, 4244, 4699, 4992, 5244",,,,,,,,,,
DBS,"R. Gunnis, Dictionary of British Sculptors [rev. ed. 1968]",,"434, 1347, 3708, 3726, 4154, 4507, 4699, 5040",,,,,,,,,,
de Brosses 1880,"Président Charles de Brosses, Lettres familières écrites d'Italie en 1739 et 1740 [1880] ",,,1101,,,,,,,,,
Dennistoun,"J.Dennistoun, Memoirs of Sir Robert Strange ... and ... Andrew Lumisden, 2 vols. [1855]",,"4543, 4548","692, 1083, 1112, 1451, 2159, 2160, 2323, 2725, 3097, 4631, 4902",,,,,,,,,
de Grey jnl.MSS,"journal of Thomas de Grey in Italy 1770-71; Norfolk RO, Norwich, Walsingham (Merton) coll., LXX/3 ",,1353,,,,,,,,,,
de Grey list MSS,"list of people met in Italy 1770-71 by Thomas de Grey; Norfolk RO, Norwich, Walsingham (Merton) coll., LVIII/2 ",,1353,,,,,,,,,,
Dian,"Notizie dei due secoli XVIII e XIX spettanti alla citta di Vicenza raccolte da me Giuseppe Dian; Biblioteca Bertoliana, Vicenza, MS. Ganz.20.10.2 (2959) ",,,,,,,,,,,,
Diario Ordinario,newspaper of Rome; BAV ,,5257,"2019, 3331, 4223, 4617",,,,,,,,,
Dick corr.MSS,[Sir] John Dick correspondence; priv.coll. (notes taken by RBF 1967) ,,"1202, 1569",3156,,,,,,,,,
Digby letters MSS,letters from Kenelm Digby on his grand tour 1789-90 to his  brother Wriothesley; lent to Birmingham Ref.Lib. [1971] ,,1392,,,,,,,,,,
Dilettanti MSS,"Society of Dilettanti MSS, deposited with the Society of Antiquaries, London ",,,1101,,,,,,,,,
DNB,Dictionary of National Biography ,"163, 1056, 1069, 2005, 2287","87, 198, 332, 338, 457, 549, 637, 710, 806, 889, 1133, 1176, 1240, 1241, 1271, 1398, 1403, 1494, 1567, 1598, 1729, 1745, 1786, 1851, 2012, 2015, 2037, 2085, 2086, 2258, 2377, 2598, 2647, 2721, 2732, 2901, 3069, 3123, 3273, 3345, 3561, 3597, 3605, 3808, 3931, 3975, 3982, 4039, 4040, 4199, 4246, 4284, 4344, 4350, 4496, 4536, 4562, 4569, 4570, 4584, 4655, 4658, 4725, 4848, 4873, 5083, 5116, 5206, 5230","620, 712, 1187, 3010, 3487, 3774, 3866, 4112, 4703, 4782, ",,,,,,,,,
Drake jnl.MSS,"account of a tour in Italy 1750-52 by Francis Drake (1721--95); Magd.Oxf., MSS 246, 247. ",,1468,,,,,,,,,,
Drake letters MSS,"letters from William Drake jr. in Italy to his family, Sep.1768- Oct.1769; Bucks RO, Aylesbury, D/DR/8/2; and letters from Dr Townson to William Drake sr., Oct.1768-Sep.1769; D/DR/8/3 ",,,"1629, 3095",,,,,,,,,
"Drummond, Travels","A. Drummond, Travels through different cities of Germany, Italy, Greece, & several parts of Asia as far as the Euphrates: in a series of letters [1754] ",,,"78, 387, 640, 2192, 2361, 3539, ",,,,,,,,,
"du Prey, Soane 1977","P.dlR. du Prey, John Soane's Architectural Education [1977]",,,,,,,,,,,,
"du Prey, Soane 1982","P.dlR. du Prey, John Soane, the making of an Architect [1982]",,,,,,,,,,,,
"Dutens, Memoirs","[L. Du tens], Memoirs of a Traveller, now in retirement. written by himself, interspersed with Historical, Literary, and Political Anecdotes relative to Many of the Principal Personages of the present age. Translated from the French, under the supervision of the author, 5 vols. [1806] ",,,,,,,,,,,,
Edwards 1808,"E. Edwards, Anecdotes of Painters ... in England [1808]",,2668,,,,,,,,,,
"Elcho, Short Account","Lord Elcho [David Wemyss], Short Account of the Affairs of Scotland 1744, 1745, 1746, ed. E. Charteris [ 1907] ",,,"1756, 2586",,,,,,,,,
Elliot Letters,"Life and Letters of Sir Gilbert Elliot from 1751 to 1806, ed. Countess of Minto, 3 vols. [1874]",,,,,,,,,,,,
Elliot MSS,Gateshead Central Lib.,,,,,,,,,,,,
Erffa/Staley,"H. von Erffa and A. Staley, The Paintings of Benjamin West [1986] ",,,,,,,,,,,,
Farington Diary,"The Diary of Joseph Farington 1793-1821, 16 vols., ed. K. Garlick and A. Macintyre (1-6), K. Cave (7-16) [1978-84] ",,,,,,,,,,,,
Farington jnl.MSS,"journal of Sir William Farington on a continental tour 1765; Lancs. RO, Preston, Farington MSS, DDF/14",,,"78, 539, 1660, 2619, 3531, 3661, 4072.1, 4072.2, 4960, ",,,,,,,,,
Finch MSS,"Leics. RO, Leicester ",,,,,,,,,,,,
Findlater letters MSS,"letters from 7th Earl of Findlater and Seafield in Italy 1771-3 to his mother; SRO, Seafield MSS, GD 248/567/94 ",,1718,,,,,,,,,,
Fitzgerald 1949,"B.Fitzgerald, Emily, Duchess of Leinster [1949]",,,,,,,,,,,,
Fitzroy MSS,"correspondence of 3rd Duke of Grafton; Suffolk RO, Bury St Edmunds, acc.no.423, part iv",,,,,,,,,,,,
Mrs Flaxman jnl.MSS 1,"Mrs Flaxman's diary in Italy 1787-8; BL, Add.39787 ",,,,,,,,,,,,
Mrs Flaxman jnl.MSS 2,"Mrs Flaxman's diary in Italy 1791-4; BL, Add.39792",,,"1341, 4245, 4363, 4557",,,,,,,,,
"Fleming, Adam","J.Fleming, Robert Adam and his Circle in Edinburgh and Rome [1962]",,"723, 2514, 2672, ","4075, 4081.1, 4081.2, 4105, 5142",,,,,,,,,
Folkes jnl.MSS,"Martin Folkes journal in Italy, 15 Jun.-12 Nov. 1733; Bodl., MS Eng Misc c.444 ",,,"784, 5157.1, 5157.2",,,,,,,,,
Forbes MSS,family letters concerning Anne Forbes in Italy 1767-71; priv. coll. 1960 ,,,"226, 2914, 3641.1, 3641.2, 4834",,,,,,,,,
Forbes jnl.MSS,"journal of Sir William Forbes in Italy 1792-3; NLS, Forbes MSS 1539-45 ",,"1626, 1777","1723, 1739, 3460, 3794",,,,,,,,,
Foster,"J.Foster, Alumni Oxonienses 1500-1714, 4 vols. [1891-92]",,,,,,,,,,,,
Fothergill 1969,"B. Fothergill, Sir William Hamilton [ 1969]",,"3574, 370",,,,,,,,,,
Fothergill 1974,"B. Fothergill,The Mitred Earl [1974]",,,3095,,,,,,,,,
"Fox, Mem. and Corr.","Memorials and Correspondence of Charles James Fox, ed. Lord John Russell, 4 vols. [1853-7] ",,,,,,,,,,,,
Francis jnl.MSS,"journal of Sir Philip Francis in Italy 1772; BL,. Add.40759 ",,1828,"1399, 3204, 3288, 5286",,,,,,,,,
Freeman jnl.MSS,"journal of William Freeman in Italy 1728-9; BL, Add.36249,ff2-246 ",,1849,,,,,,,,,,
Freeman notebk.MSS,"notebook of Sambrooke Freeman for his Italian tour 1744-76; Glos.RO, Gloucester, D1245/FF38/D9",,1847,,,,,,,,,,
Fuseli Circle 1979,"Nancy L. Pressly, The Fuseli Circle in Rome, Early Romantic Art of the 1770s, exh.cat., YCBA [1979] ",,,,,,,,,,,,
Gabrieli 1991,"G. Gabrieli, Lido di oggi Lido di allora [1991]",,,,,,,,,,,,
"Galilei, cart.","correspondence of Alessandro Galilei; ASP, Carte Galilei ",,,,,,,,,,,,
"Galt, West","J.Galt, The Life, Studies and Works of Benjamin West, in two parts [ 1820]",,,,,,,,,,,,
Gandy letters MSS,"letters to his parents from J.M. Gandy in Italy 1794-7; typed transcript, RIBA, Gandy Family MSS, box 1 ",,1891,1662,,,,,,,,,
Gardenstone 1791-5,"Lord Gardenstone [Francis Garden], Travelling Memorandums made in a Tour upon the continent of Europe the years 1786, '87 & '88, 3 vols. [1791-5]",,"3615, 3658",1559,,,,,,,,,
Garrick Letters,"The Letters of David Garrick, ed. D.M. Little and G.M. Kahrl, 3 vols. [1963]",,,,,,,,,,,,
Garrick Priv.Corr.,"Private Correspondence of David Garrick, ed. J. Boaden, 2 vols. [1831-2]",,,,,,,,,,,,
Gascoigne jnl.MSS,"Edward Gascoigne, travel journal 1724-6; West Yorks Archive Service, Leeds, GC/F6/7, 12 a-c.",,1277,"979, 1101, 2857, 3130, 3665, 4119",,,,,,,,,
Gazz.Tosc.,Gazzetta Toscana ,,,,,,,,,,,,
Genoa cons.corr.MSS,"correspondence 1776-9 between British consuls in Genoa (J. Holford, J. Brame and, principally, J. Collett) with W. Poyntz, sec. in Turin; priv. coll.",,"216, 3961, 5159","2101, 2408, 2685, 2696, 2880",,,,,,,,,
Gibbes jnl.MSS ,"Elizabeth Gibbes journal in Italy 1789-90; PRO, Colchester MSS, 30/9/7",,"1721, 1932, 2196","199, 638, 1156, 1857, 2271, 2288, 3397, 3862, 4789",,,,,,,,,
Gibbon Journey,"Gibbon's Journey from Geneva to Rome, His Journal from 20 April to 2 October 1764, ed. G. Bonnard [1961]",,,"1592, 3342",,,,,,,,,
Gibbon Letters,"The Letters of Edward Gibbon, ed. J.E. Norton, 3 vols. [ 1956] ",,,,,,,,,,,,
"Gibbon, Misc.Works","E. Gibbon, Miscellaneous Works, ed. Lord Sheffield, 5 vols. [1814]",,,,,,,,,,,,
Gibson 1987,"E. Gibson, 'The Royal Academy of Music (1719-28) and its Directors' in S. Sadie & A. Hicks ed., Handel: A Tercentenary Collection [1987] ",1213,,,,,,,,,,,
Gibson 1989,"E. Gibson, The Royal Academy of Music 1719-1720, The Institution and Its Directors [1989]",,,,,,,,,,,,
GM,Gentleman's Magazine,2753,517,"1934, 2047, 2048, 2558, 3381, 4359",,,,,,,,,
"Gordon, Personal Memoirs","Pryse Lockhart Gordon, Personal Memoirs or Reminiscences of Men and Manners, 2 vols. [ 1830] ",,2683,3427,,,,,,,,,
Grant 1957-61,"M.H. Grant, A Chronological History of the Old English Landscape Painters, 8 vols.[1957-61] ",,,,,,,,,,,,
Granville Letters,"Lord Granville Leveson Gower (first Earl Granville) Private Corresponence 1781 to 1821, ed. Castalia, Countess Granville, 2 vols. [1916]",,,,,,,,,,,,
Gray Letters,"Correspondence of Thomas Gray, ed. P. Toynbee and L. Whibley, 3 vols. [1935",,,,,,,,,,,,
Grenville Papers,"The Grenville Papers being the correspondence of Richard Grenville Earl Temple and the Rt. Hon. George Grenville their friends and contemporaries, ed. W.J. Smith, 4 vols.[1853]",,,,,,,,,,,,
Grey jnl.MSS 1,"journal of Lord Grey de Wilton in Italy 1784-5; priv.coll., on loan Manchester AG",,2121,"433, 1759, 2177, 2264, 2500, 2528, 2962, 3716, 3754, 4098, 4965",,,,,,,,,
Grey jnl.MSS 2,"notebook and account book of Lord Grey de Wilton in Italy 1787-8; Greater Manchester CRO, Wilton MSS, E4 ",,"1579, 2121","104, 202, 2247, 2902, 3986, 4911, 4960",,,,,,,,,
Grimston letters MSS,"letters from Robert Grimston in Italy 1767-8 to his guardian John Grimston; Humberside Co. Archives, Beverley, DDGR/4",,"4652.1, 4652.2",2450,,,,,,,,,
Grove 1980,The New Grove Dictionary of Music and Musicians [1980],,"549, 735, 974, 1133",832,,,,,,,,,
Hall jnl.MSS,"incomplete travel journals of Sir James Hall, in Italy 1784-5, 5 vols; NLS, MSS 6324-8 (notes from H.G. Belsey in RBF) ",,2188,"1890, 2177",,,,,,,,,
Hamilton 1901,"A.H. Smith, 'Gavin Hamilton's Letters to Charles Townley', Jnl. of Hellenic Studies, 21 [1901]:306-21",,,,,,,,,,,,
Hamilton 1984,"F.D. Cullen, 'The Oil Paintings of Hugh Douglas Hamilton', Wal.Soc., 50[1984]:165-208 ",,,,,,,,,,,,
Hamilton Dalrymple MSS,"SRO, GD 110",,,,,,,,,,,,
Hanbury Williams MSS,Sir Charles Hanbury Williams papers; WSL,,,,,,,,,,,,
Harcourt letters MSS,"letters from 2nd Viscount Harcourt on his grand tour 1754-6 to his sister, Lady Elizabeth Lee; Bucks RO, Aylesbury, AR 28/60L",,,,,,,,,,,,
Harcourt Papers,"The Harcourt Papers, ed. E.W. Harcourt, 14 vols. [1880-1905]",,532,,,,,,,,,,
Hardwick jnl.MSS,journal of Thomas Hardwick describing two journeys from Rome to Naples in 1778; RIBA,,"306, 2251","943, 2880",,,,,,,,,
Harvey jnl.MSS,"journal of Robert Harvey in Italy 1773-4; Norfolk CRO, Norwich, MS 20677, T 140B",,2294,,,,,,,,,,
Haskell and Penny,"F. Haskell and N. Penny, Taste and the Antique [1981]",,,,,,,,,,,,
Hayward List,"L. Stainton, 'Hayward's List: British Visitors to Rome 1753-1775', Wal.Soc., 49[1983]:3-36",,3341,"638, 792, 1687, 1830, 3341, 3316, 3592, 5149",,,,,,,,,
Hervey (Aug.) Jnl.,"Augustus Hervey's Journal, ed. D. Erskine [1954]",,3765,"294, 886, 4342",,,,,,,,,
Hervey (Jn.) Jnl. ,"The Diary of John Hervey, first Earl of Bristol, with extracts from his book of expenses 1688 to 1742 [1894]",,,,,,,,,,,,
Hervey (Wm.) Jnl.,"Journals of the Hon. William Hervey', Suffolk Green Books, 14, XVI [1906]",,,1989,,,,,,,,,
Hewetson 1958,"T.W.I. Hodgkinson, 'Christopher Hewetson, an Irish Sculptor in Rome', Wal.Soc., 34[1958]:42-54",,,,,,,,,,,,
Hewetson 1986,"B. de Breffny, 'Christopher Hewetson', Irish Arts Review, 3.3[1986]:52-75 ",,,,,,,,,,,,
Hildyard jnl.MSS,"travel diary of Sir Robert Hildyard in France and Itay 1765-7; Humberside Co. Archives, Beverley, Hildyard deposit",,,,,,,,,,,,
Hinchliffe letters MSS,"letters from John Hinchliffe in Italy 1761-2; PRO NI, DOD 638/114/1,2,3,4",,1207,,,,,,,,,,
Hippisley corr.MSS,"Italian correspondence of John Coxe Hippisley 1793-5; priv. coll [seven MSS vols.: Roman corr. 1793-5 (2 vols.); corr. with Cardinals Campanelli and de Zelada (2 vols.); Corrispondenza Miscellanea, and two vols. dealing with refugees from Toulon and the Republic of S.Marino] ",,,"1596, 4929",,,,,,,,,
HMC,Historical Manuscripts Commission,3481,"654, 1736, 2720, 3311, 3516, 3698.1, 3698.2, 4475, 4726","90, 210, 840, 2161, 2560, 2825, 2877, 2953, 3060, 4661, 5003, 5055, 5084, 5142, 5243, 5289",,,,,,,,,
HMC Stuart,"Calendar of the Stuart Papers belonging to His Majesty the King preserved at Windsor Castle, 7 vols. [1902-23]",,"1601, 1628, 1964","127, 469, 775, 1784, 2054, 3280, 3417, 3521, 3647, 3654, 3764, 3970, 4538, 5032, 5101",,,,,,,,,
Holland Jnl.,"The Journal of Elizabeth Lady Holland (1791-1811), ed. Earl of Ilchester, 2 vols. [1908]",,"3198, 3402, 4744","1602, 2107",,,,,,,,,
Holroyd letters MSS,"letters to his family from John Baker Holroyd in Italy 1764-5; BL, Add.34887,ff.122-88. ",,2482,,,,,,,,,,
Holt 1984,"G. Holt, The English Jesuits 1650-1329, a biographical dictionary, Catholic Record Soc. [1984]",,"3899, 4324",,,,,,,,,,
Home (Mrs Jane) jnl.MSS,"journal 1771-2 of Jane Graham (from May 1771 Mrs Patrick Home); SRO, Home of Wedderburn MSS, GD 267/33/1",,,"2705, 3000, 3871",,,,,,,,,
Home MSS,"papers of Patrick Home in Italy 1771-7; SRO, Home of Wedderburn MSS",4353,2488,5142,,,,,,,,,
Home jnl.MSS,"journal of Patrick Home mainly for 1772, with insertions; GD 267/33/2",,,"89, 539, 2749, 4430, 5286",,,,,,,,,
Home acct.bk.MSS,account book of Patrick Home 1774-7; GD 267/33/4  ,,,"172, 4185",,,,,,,,,
Home letter bk.MSS,letter book of Patrick Home 1774-6; GD 267/33/5 ,,,"823, 2761, 3156, 4185, 4269",,,,,,,,,
Home list MSS,list of people Patrick Home met in Italy C. 1772-3; GD 267/33/5,,,"1013, 1046, 1253, 1328, 1658, 2054, 3667, 4371, 4430, 4445, 5182",,,,,,,,,
"Horn, 1:","D.B. Horn, British Diplomatic Representatives 1689-1789 [Royal Hist. Soc., 3rd ser., vol.46, 1932]",,"1222, 2646, 4068, 5067, 5212","56, 1017, 3295, 3718, 3780",,,,,,,,,
"Horn, 2:","D.B. Horn, British Diplomatic Representatives 1789-1852 [Royal Hist. Soc., 3rd ser., vol.50, 1934]",,3705,,,,,,,,,,
Hotham letters MSS,"letters to Sir Charles Hotham Thompson; Brynmor Jones Lib., U. of Hull, DDHO/4/16 ",,2407,,,,,,,,,,
Houblon Family,"Lady Alice Archer Houblon, The Houblon Family, its story & times, 2 vols. [1907]",,,2265,,,,,,,,,
Hughan,"W.J. Hughan, The Jacobite Lodge at Rome 1735-7 [1910]",,,"106, 827, 1150, 1741, 2194, 2546, 2626, 2769, 3523, 4326, 4390, 5287",,,,,,,,,
Humphry corr.MSS,"Ozias Humphry papers; RA, MSS HU/1 and 2",,,31,,,,,,,,,
Inglesi a Livorno,"Atti del Convegno di Studi, 'Gli Inglesi a Livorno e all' Isola d'Elba', [Leghorn 1980]",,"2075, 5034","830, 2336",,,,,,,,,
"James, Coke","C.W. James, Chief Justice Coke his Family and Descendants at Holkham [1929]",,3075,,,,,,,,,,
Jenkins 1913,"T. Ashby, 'Thomas Jenkins in Rome', Papers of the British School at Rome, 6/8[1913]:487-511",,,,,,,,,,,,
S. Rowland Pierce,"S. Rowland Pierce, 'Thomas Jenkins in Rome', Antiquaries Journal, 45.2[1965]:200-29 ",,,,,,,,,,,,
"Jesse, Selwyn","J.H. Jesse, George Selwyn and his Contemporaries, 4 vols. [1843]",119,2279,"1337, 3016",,,,,,,,,
Jones Memoirs,"Memoirs of Thomas Jones', Wal.Soc., 32[1951]",,"735, 2087","1003, 1852, 2109, 2463, 2749, 3292, 3354, 3661, 4343, 4732",,,,,,,,,
JWCI,Journal of the Warburg and Courtauld Institutes,,"2617, 3128",1774,,,,,,,,,
Kauffman 1924,"Lady Victoria Manners and G.C. Williamson, Angelica Kauffman RA, her life and works [1924]",,613,3091,,,,,,,,,
Kauffman 1992,"W.W. Roworth ed., Angelica Kauffman, A Continental Artist in Georgian England [1992]",,,,,,,,,,,,
Kaye letters MSS,"from the Rev Richard Kaye in Italy 1763-4; Bodl., Richardson MSS, MSS SC 37439 ",,2722,,,,,,,,,,
Kelly 1943,"W. Kelly ed., Liber Ruber venerablilis collegii anglorum de Urbe, annales collegii, pars prima. nomina alumnorum 1631- 1733 Catholic Record Soc. [1943]",,,,,,,,,,,,
"Kelly, Reminiscences","Reminiscences of Michael Kelly..., 2 vols. [1826]",,452,,,,,,,,,,
Kent letters MSS,"letters from William Kent in Italy 17~2-20 to Burrell Massingberd; Lincs Archives, Lincoln, Massingberd Mundy MSS, 2MM B19A [to be pub. by the Wal.Soc.]",,"1574, 4942","558, 957, 1877, 5241",,,,,,,,,
Ker letters MSS,letters from David Ker in Italy 1793-4 to his brother Richard; priv.coll.,,,,,,,,,,,,
Kerslake 1977,"J. Kerslake, Early Georgian Portraits, National Portrait Gallery, London [1977]",,,,,,,,,,,,
Kirk 1909,"J. Kirk, ed. J.H. Pollen and E. Burton, Biographies of English Catholics in the 18th Century [1909]",,"489, 1947, 2087, 2699, 2862, 4428, 4444",,,,,,,,,,
Knight 1982,"N. Penny and M. Clarke ed., The Arrogant Connoisseur: Richard Payne Knight, exh.cat. Whiworth AG, Manchester [1982]",,,,,,,,,,,,
Knight Letters,"Lady Knight's Letters from France and Italy 1776-1795, ed. Lady Eliott-Drake [1905]",,1779,"288, 2274.1, 2274.2, 2813",,,,,,,,,
"Knowles, Fuseli","J. Knowles, The Life and Writings of Henry Fuseli, 3 vols. [1831]",,,,,,,,,,,,
Lagrange Jnl.,"L. Lagrange, Les Vernet, Joseph Vernet et la peinture au XVIIIe siècle [1864]",,5217,2227,,,,,,,,,
Laing MSS,Edinburgh U. Lib,,,,,,,,,,,,
Langton Jnl.,"A Breconshire Gentleman in Europe 1737-8' [the journal of George Lewis Langton], ed. R.J. Colyer, NLW Jnl., 21[1979-80]:268-91",,2843,,,,,,,,,,
Leghorn Inscr.,"Inscriptions in the Old British Cemetery of Leghorn, transcribed by G. Milner-Gibson and F.C. Macauley [Leghorn 1906]",704,"363, 755, 1321, 2464, 2831, 2874, 3677, 4507","44, 168, 192, 238, 246, 264, 414, 608.1, 608.2, 756, 871, 912.1, 912.2, 916, 950, 997, 1009, 1383, 1433, 1835, 1894, 1977, 2028, 2034, 2269, 2332, 2335, 2405, 2455, 2561, 2599, 2708, 2988, 3027, 3040, 3272, 3304, 3612, 3836, 3918, 4021, 4280, 4405, 4529, 5034, 5133, 5137, 5167, ",,,,,,,,,
Leinster Corr.,"Correspondence of Emily Duchess of Leinster (1731-1814), ed. B. Fitzgerald, 3 vols. [1949, 1953, 1957]",,,,,,,,,,,,
Lepper 1950,"J.H. Lepper, 'The Earl of Middlesex and the English Lodge at Florence', Trans. of the Quatuor Coronati Lodge [1950]",,,"967, 1822, 4055, 4478",,,,,,,,,
Lewis 1961,"L. Lewis, Connoisseurs and Secret Agents in Eighteenth Century Rome [1961]",,"4907, 5071","173, 968, 5211",,,,,,,,,
Lloyd jnl.MSS,anon. Italian Diary 1787-8 of a party including Dean Lloyd of Lincoln; BNF [nuovi acquisti 1194],"2985.2, 3191",2985,"893, 4442",,,,,,,,,
Lockhart Papers,"G. Lockhart, The Lockhart Papers, 2 vols. [1817]",158,,3600,,,,,,,,,
Longford letters MSS,"letters from the 2nd Earl of Longford in Italy 1794-5, mostly addressed to his sister Mrs Stewart; PRO NI, Stewart MSS, D33/19/4/1-26.",,,1733,,,,,,,,,
Lucy of Charlecote MSS,Warwick RO,,,,,,,,,,,,
Lucy Family,"M.E. Lucy, Biography of the Lucy Family of Charlecote Park, in the County of Warwick [1862]",,,,,,,,,,,,
Lumisden letters MSS,"six letter books by Andrew Lumisden, of which three (1759-61, 1767, 1769-70) are NLS, MS 14260-2; notes by B. Skinner in RBF [see also Dennistoun] ",,"2734, 3049","113, 2495, 3713",,,,,,,,,
Lyte letters MSS,"letters from Henry Lyte to Ld Cardigan 1751-64; SRO, Buccleuch-Dalkeith MSS, GD 224/627 (partly pub. by J. Fleming, English Miscellany, 9[1958]:127-41) ",,3065,,,,,,,,,,
Lyttelton letters MSS,"letters from Richard Lyttelton in Rome 1762 to his nephew Thomas Pitt; priv.coll., Hagley Hall Mss, Lyttelton corr.V, (notes from M.J. McCarthy in RBF) ",,,,,,,,,,,,
McCarthy 1981,"M.J. McCarthy, 'Art Education and the Grand Tour', Art the Ape of Nature: Studies in honor of H. W. Janson [1981], 477-94",,,,,,,,,,,,
MacDonald 1989,"M.F. MacDonald, 'British Artists at the Accademia del Nudo in Rome', in 'Academies of Art', Leids Kunsthistorisch Jaarboek, 5/6[1986-7],77-94 [pub.1989] ",,,,,,,,,,,,
McKay 1986,"P. McKay, 'The Grand Tour of the Hon. Charles Compton', Northants Past and Present, 8.4[1986]:241-55 ",,,,,,,,,,,,
McKay 1995,"P. McKay, 'Northamptonshire Travellers in Italy, 1690-1775', Northants Past and Present, 9.2[1995]:23-34 ","3563, 4865",,,,,,,,,,,
Macnaghten,"A.I. Macnaghtcn, Family Roundabout [1955]",,,"1119, 4327, 5209",,,,,,,,,
Malmesbury Diary,"Diaries and Correspondence of James Harris, First Earl of Malmesbury, ed. by his grandson, the third Earl, 3 vols. [1844]",,,,,,,,,,,,
Malton letters MSS,"letters from Lord Malton in Italy 1749-50 to his father Lord Rockingham, with separate notes on Siena and Lucca and a list of people met in Italy; one letter from his companion James 
Forrester to Lord Rockingham; Sheffield City Lib., Wentworth Woodhouse MSS",,1791,3907,,,,,,,,,
"Manchester, Court and Society","William Montagu, Duke of Manchester, Court and Society from Elizabeth to Anne, 2 vols. [1864]",,,,,,,,,,,,
Marchant 1987,"G. Seidmann, 'Nathaniel Marchant, Gem-Engraver, 1739-1816', Wal.Soc., 53[1987):1-105",,,,,,,,,,,,
Martin jnl.MSS,"journal of James Martin in Italy 1763-5, 9 vols.; priv. coll. 
",,"6, 3208, 3378","4, 80, 1042, 1830, 2334, 2394, 2880, 2926, 3213, 3478, 3754, 5286",,,,,,,,,
Massingberd Mundy MSS,"Lines Archives, Lincoln",,,,,,,,,,,,
Mengs 1993,"S. Roettgen, Mengs and his British Patrons, exh. cat., Kenwood, London [1993]",,,4555,,,,,,,,,
Mercer jnl.MSS,"Diary of a Tour in France and Italy taken by Joseph Mercer, Uncle of Gerald Douglas Mercer' [1778-9]; NLS, acc.7952",,3281,"1213, 1901, 3536.1, 3536.2, 3755, 4617, 5127",,,,,,,,,
Michaelis 1882,"A. Michaelis, Ancient Marbles in Great Britain [1882]",,,,,,,,,,,,
Mildmay jnl.MSS,"William Mildmay, Journal of a tour through France and Italy 1730; Hants RO, Winchester, 15 M 50/1302.",,,,,,,,,,,,
"Millar, Early Georgian","O. Millar, The Tudor, Stuart and Early Georgian Pictures in the collection of Her Majesty the Queen, 2 vols. [1963]",,,,,,,,,,,,
"Millar, Later Georgian","O. Millar, The Later Georgian Pictures in the Collection of Her Majesty The Queen, 2 vols.[1969] ",,,,,,,,,,,,
"Millar, Tribuna","O. Millar, Zoffany and his Tribuna [1966]",,,4705,,,,,,,,,
"Miller, Letters","[Mrs Anne Miller], Letters from Italy ... in the years mdcclxx and mdcclxxi ... by an English Woman, 2nd ed. [1777]",,3324,,,,,,,,,,
Milles Letters MSS,"letters from John Milles in Italy 1734; Glos.RO, Gloucester, D2663 Z8 ",,3914,,,,,,,,,,
Mitford jnls.MSS,"journal of John Mitford in Italy 1776-7; Glos.RO, Gloucester, Mitford & Freeman-Mitford MSS, D2002/Fl-6.",,3361,,,,,,,,,,
Montagu Letters,"Complete Letters of Lady Mary Wortley Montagu, ed. R Halsband, 3 vols. [1965-7]",,,2102,,,,,,,,,
Montaiglon,"A. de Montaiglon and J. Guiffrey, ed., Correspondance des Directeurs de l'Académie de France in Rome avec le Surintendants des Bâtiments [1887-1912]",,,,,,,,,,,,
Moore 1985,"A.W. Moore, Norfolk and the Grand Tour, exh.cat. Norwich [1985]",,,"873, 3202, 4703",,,,,,,,,
More 1993,"P. Andrew, 'Jacob More: Biography and a Checklist', Wal.Soc., 55[1993]:105-96",,,,,,,,,,,,
More Letters MSS,"Jacob More, letterbook, Rome, 1786--7; Edinburgh U. Lib., Laing MSS iv.25",,,,,,,,,,,,
Morgan Jnl.,"The Journal of Dr John Morgan of Philadelphia from the City of Rome to the City of London 1764 together with a fragment of a Journal written at Rome 1764 and a biographical sketch [pub. priv., Pha.1907]",3204,3429,"992, 1698, 1874, 1953, 3532",,,,,,,,,
Morley MSS,"Memoirs of the 1st Earl of Morley; BL, Add.48244,ff.226-52 ",,495,,,,,,,,,,
Morley accts.MSS,"accounts of the 1st Earl of Morley's continental tour 1793-4; BL, Add.48422,ff.16-19",,495,,,,,,,,,,
Morpurgo,"E. Morpurgo, 'English Physicians - Doctorati - at the University of Padua in the Collegio Veneto Artista 1671-1771', Proceedings of the Royal Soc. of Medicine, 20[1927]:63-74 ",,,"124, 339, 2924, 3078, 3201, 4685, 4910",,,,,,,,,
Morrison,"The collection of Autograph Letters and Historical Documents formed by Alfred Morrison (2nd ser., 1882-93): The Hamilton and Nelson Papers, vol.1 1756-97 [1893], vol.2 1798-1815 [1894]",3191,"3705, 3719, 3789","551, 1942, 2457, 4152.1, 4152.2, 4944",,,,,,,,,
Morritt Letters,"The Letters of John B.S. Morritt of Rokeby, ed. G.E. Marindin [1914]",,,,,,,,,,,,
Mount Edgcumbe,"Richard Edgcumbe, 2nd Earl of Mount Edgcumbe, Musical Reminiscences of an Old Amateur; chiefly respecting the Italian Opera in England for fifty years, from 1773 to 1823 [1824]",,,,,,,,,,,,
Murray Memorials,"Memorials of John Murray of Broughton', ed. RF. Bell, Scots Hist.Soc., 27[1898]",,3498,,,,,,,,,,
Mylne letters MSS,"letters from Robert Mylne in Italy 1754-9; RIBA, MSS Add.Mylne 4/8/1-4 and 6 [for excerpts see C. Gotch, Architectural Review, Sep.1951,179-82]; and letters from William Mylne 1754-8; MSS Add.Mylne 4/17/2-15 and 4/18/1",,3513,"2801, 4707",,,,,,,,,
Mytton letters MSS,"letters from Devereux Mytton in Italy 1778-9 to his father, Devereux Mytton; NLW, Harrison MSS, nos.64-8",,3518,1880,,,,,,,,,
Neville and Aldworth MSS,"Berks RO, Reading, D/EN/F.55/ ",,,,,,,,,,,,
Newdigate MSS,"correspondence and accounts of Sir Roger Newdigate; Warwick RO, CR 136/",,"3552, 4087",,,,,,,,,,
"Nichols, Lit. Anecdotes","J. Nichols, Literary Anecdotes the Eighteenth century ..., 9 vols. [1812-15]",,,,,,,,,,,,
Nollekens 1829,"J.T. Smith, Nollekens and His Times, 2 vols. [1829] ",4992,,,,,,,,,,,
Northcote Memorials,"S. Gwynn, Memorials of an eighteenth-century painter: James Northcote [1898] ",,,645,,,,,,,,,
"Northcote, Reynolds","J. Northcote, The Life of Sir Joshua Reynolds, 2 vols. [1818 ed.]",,,,,,,,,,,,
Nylander,"C. Nylander, 'The People at the Pyramid' in Doctor Peregrino, Roman Studies in honour of Torgil Magnuson, Istituto Svedese di studi classici a Roma, [1992], 221-49",,1601,,,,,,,,,,
O'Connor 1983,"C. O'Connor, 'The Parody of The School of Athens', Bull. of the Irish Georgian Soc., 26[1983]:4-22",,,"3246, 4527",,,,,,,,,
Ogilvie-Forbes MSS,"letters from James Irvine in Italy 1799-1800 to George Ogilvie; Aberdeen U. Lib., King's College, special colls., MS 2740/1/1",,,,,,,,,,,,
Orde jnl.MSS,"extract from Thomas Orde's Italian Journal, November 1772 only; photostat copy in WSL [copy in RBF; original now unlocated] ",,3668,372,,,,,,,,,
Pacetti giornale,"Giornale di Vincenzo Pacetti dall'anno 1773 fino all'anno 1803; Biblioteca Alessandrina, U. of Rome, MS 321",,,3331,,,,,,,,,
Paciaudi cart.,"Carteggio Paciaudi; correspondence of Abate Paolo Maria Paciaudi; BPP [index by L. Farinelli, Paolo Maria Paciaudi e i suoi corrispondenti (1985)]",,,,,,,,,,,,
Pagano de Divitiis,"G. Pagano de Divitiis, Il commercio inglese nel Mediterraneo dal '500 al '700; corrispondenza consolare e documentazione britannica tra Napoli e Londra [1984]",,2034,"99, 794, 879, 1321",,,,,,,,,
Panshanger MSS,"Herts RO, Hertford ",,,,,,,,,,,,
Parker jnl.MSS,"Robert Parker, Journal of a Tour into Italy [1792-3]; Hants RO, Winchester, 18 M51/555",,3735,,,,,,,,,,
Parker letters MSS,"letters from Charles Parker in Italy 1782-4 to Sir Roger Newdigate; Warwick RO, Warwick, Newdigate MSS, CR 136/ ",1682,,98,,,,,,,,,
Parker list MSS,"Robert Parker, list of people met in Italy in his Journal of a Tour into Italy [1792-3]; Hants RO, Winhester, 18 M51/555.",,3735,"1451, 1739, 2154, 2454",,,,,,,,,
Parkinson jnl.MSS,journal of Dr John Parkinson in Italy 1783-4; priv. coll.,,611,"503, 1244, 2582, 3716, 3794",,,,,,,,,
Patch 1940,"F.J.B. Watson, 'Thomas Patch: Notes on His Life, Together with a Catalogue of his Known Works', Wal.Soc., 28[1940]:15-50 ",,2967,,,,,,,,,,
Patch 1967,"F.J.B. Watson, 'Thomas Patch, Some new light on his work', Apollo, 85[1967]:348-53",,,"361, 706",,,,,,,,,
Pattison letters MSS,letters from Gen.James Pattison in Italy 1768-72 to his brother Nathaniel; priv.coll. [notes from F. Russell in RBF],,,922,,,,,,,,,
Pelham letters MSS,"letters from Thomas Pelham [later 2nd Earl of Chichester] in Italy 1777-8 to his father; BL, Add.33127, ff.171-352 ",,,1826,,,,,,,,,
"Pembroke Papers, 1","The Pembroke Papers 1734-1780, ed. Lord Herbert [1942] [1st pub. 1939 as Henry, Elizabeth and George]",,"709, 3129, 3402, 3637, 4706.1, 4706.2","175, 299, 1213, 1642, 1780, 1838, 2727, 2880, 3213",,,,,,,,,
"Pembroke Papers, 2","Pembroke Papers 1780-1794, ed. Lord Herbert [1950]",,,,,,,,,,,,
Pepys 1904,"A Later Pepys: the correspondence of Sir William Weller Pepys. Bart., ..., ed. A.C.C. Gaussen, 2 vols. [1904]",,,,,,,,,,,,
Pickersgill letters MSS,"letters from Joshua Pickersgill in Turin 1761-8 to his sister; Bucks CRO, Aylesbury, D152/B1.",,"2179, 4195",3018,,,,,,,,,
Piozzi Letters,"The Piozzi Letters, the correspondence of Hester Lynch Piozzi, E.A. and L.D. Bloom ed., vol.1, 1784-1821 [1989]",,,,,,,,,,,,
Pitt (Ann) jnl.MSS,diary of Ann Pitt (1772-1864) in Italy 1792-3; priv. coll.,,,,,,,,,,,,
Pococke letters MSS,"letters from Richard Pococke in Italy 1733-4 and 1737 to his mother; BL, Add.19939 ",,"1154.1, 3914","882, 1023, 1193, 1712, 2172, 2246, 3213, 3410, 4557",,,,,,,,,
Pomfret Corr.,"Correspondence between Frances Seymour, Countess of Hertford and Henrietta Louisa, Countess of Pomfret 1738-41, 3 vols. [1805]",,,2576,,,,,,,,,
Pomfret jnl.MSS,"Henrietta, Countess of Pomfret, journal of travels in France an Italy 1738-9 and in Italy 1739-40 Leics RO, Leicester, Finch MSS",,"1793, 3274","1344, 1980, 1986, 2576, 2645, 2838, 4312, 4623, 4998, 5011, 5209",,,,,,,,,
Porter MSS,"narrative account and travel notebooks of Thomas Chinnal Porter in Italy 1788-9; Worcester RO, 705/262/65 and /66 ",,"1557, 4163, 5202","308, 1426.1, 1426.2, 1749, 2019, 2245, 2374, 2577, 2604, 2830, 2855, 3615, 4095, 4896, 5091",,,,,,,,,
Powel 1764 MSS,"[Samuel Powel], 'Short Notes on a Course of Antiquities at Rome In Company with Messrs Apthorp, Morgan & Palmer begun May 21 1764 under Mr Byre[s] Antiquarian'; MSS, American Phil.Soc., Philadelphia",,3714,,,,,,,,,,
Prato MSS,"P.B. Prato, Giornale della citta' e Porto di Livorno, 1 Jan.1764-20 Sep.1813, 63 MSS vols.; BLL, MS.091.Q.1 ",,,1411,,,,,,,,,
Quarendon jnl.MSS,"journal of 4th Earl of Lichfield in Italy 1738-40; Oxfordshire Archives, Oxford, Dillon MSS",,4003,,,,,,,,,,
Quick MSS,"Devon CRO, Exeter, 64/12/21/1/135",,,,,,,,,,,,
Quin jnl.MSS,"journal of Henry George Quin in Italy 1785-6; Trin. Coll., Dublin, MS 2226/1 and MIC.32 
",,"1186, 2024, 4007","50, 171, 254, 289, 299, 354.1, 354.2, 454, 535, 551, 1007, 1273, 1511, 1614, 1780, 1794, 1861, 1922, 2693.1, 2693.2, 2778, 2813, 2945, 3031.1, 3031.2, 3031.3, 3064, 3143, 3146, 3300, 3432, 3621, 4095, 4208, 4334, 4372, 4877",,,,,,,,,
Ragley MSS,Warwick RO,,,,,,,,,,,,
Ramsay 1992,"A. Smart, Allan Ramsay [1992]",,2519,,,,,,,,,,
Ramsay jnl.MSS,"journal of John Ramsay in Italy 1782-4; NLS, MSS.1833/4",,"1127, 2087, 4515, 4914","954, 2233, 2311, 3323, 4055, 4105, 4766, 5127",,,,,,,,,
Rawdon letters MSS,"letters from Sir John Rawdon in Italy 1739 to Thomas Prior, and from his son Francis Rawdon in Italy 1774 to his father; PRO NI, Rawdon MSS, D2924/1, ff.47-50 and 168-85 ",,,,,,,,,,,,
Rawlinson jnl.MSS,"Dr Richard Rawlinson, diaries 1720-26; Bodl., MSS. Rawl.1180-7",,"64, 239, 617, 2151, 2547, 2616, 4040, 4303, 4788","195, 471, 784, 841, 874, 949, 1000, 1015, 1162, 1168, 1575,1727, 1855, 2054, 2261, 2570, 2606, 2795, 3026, 3173, 3186, 3794, 4306, 4331, 4378, 4797, 5286",,,,,,,,,
Redgrave 1878,"S. Redgrave, Dictionary of Artists of the English School [1878]","2, 4112","1347, 3032, 3200, 5028",5041,,,,,,,,,
"Richardson, Account","J. Richardson sen. and jun., Account of some of the Statues, Bas-reliefs, Drawings and Pictures in Italy with Remarks [1722]",,,,,,,,,,,,
Riddell jnl.MSS,"journals of Capt.Thomas Riddell [?] in Italy 1770-71; Northumb. CRO, Newcastle, ZWR 62",,,,,,,,,,,,
Riou MSS,"Stephen Riou, Part of a Tour in Greece 1750-3 and letters to his mother; YCBA",,2603,,,,,,,,,,
Riviere 1964,"M. Riviere, 'The Rev. William Gunn, B.D., A Norfolk Parson on the Grand Tour', Norfolk Archaeology, 33.3[1964]:351-78",,,"3150.1, 3150.2, 3254.1, 3254.2",,,,,,,,,
Riviere 1965,"M. Riviere, 'The Rev. William Gunn, B.D., A Norfolk Parson on the Grand Tour', Norfolk Archaeology, 33.4[1965]:379-406",,,,,,,,,,,,
Robinson letters MSS,"letters from Thomas Robinson, later 2nd Baron Grantham, in Italy 1759-60; West Yorkshire Archive Service, Leeds, VR 12300-61",,,,,,,,,,,,
Robson jnl.MSS,journal of James Robson in Italy 1787; BL Add.38837,,4120,,,,,,,,,,
Rome List 1790,"List of English Artists residing at Rome in the year 1790'; printed sheet (photograph in RBF). A similar list printed in Farington Diary 1793-1821, ed. Greig [7 vols., 1922-8], 3:53-4n; annotated MS copy in Parker jnl.Mss",,"695, 1347, 1532, 1652, 1813, 1844, 2127, 2341, 2401, 2627, 3424, 3543, 3735, 3747, 4001, 4385, 4414, 4697",,,,,,,,,,
Rome List 1792,Celebrated Artists in Rome in our time 1792 & 93'; an annotated version of the Rome List 1790 with some Italian artists added; Parker jnl.Mss,,"1750, 4001",,,,,,,,,,
Rome List 1793,List of English Artists residing at Rome in the Year 1793'; printed sheet (copy in RBF from Parker jnl.Mss),,"240, 1347, 1532, 1652, 1813, 1837, 1912, 2127, 2341, 2401, 3543, 3735, 4001, 4107, 4156, 4240, 4414, 4725",,,,,,,,,,
Rome List 1794,"letter addressed to Prince Augustus [Duke of Sussex] dated Rome, 20 April 1794, signed by 23 English artists in Rome, thanking him for obtaining free admission of their works into England; Whitley MSS, and Annals of the Fine Arts for 1816,1:406 [1817]",,"160, 1347, 1532, 1652, 1813, 1837, 2127, 2341, 2401, 2542, 3691, 4001, 4107, 4156, 4385, 4725, 4970, 5081",,,,,,,,,,
Romney 1830,"Rev J. Romney, Memoirs of the Life and Works of George Romney [1830]",,,,,,,,,,,,
Rose of Kilravock MSS,"SRO, GD 125",,,,,,,,,,,,
Rushout Voyage MSS,Voyage de Catalogue' [1793-1800] by John Rushout [later 1st Baron Northwick]; priv. coll.,,4177,,,,,,,,,,
"Russel, Letters","[James Russel], Letters from a Young Painter abroad to his Friends in England, 2 vols, 2nd ed. 1750]",,,1610,,,,,,,,,
Ruvigny,"Marquis of Ruvigny and Raineval, The Jacobite Peerage [1904]",,"2329, 3626, 4054, 4548",1083,,,,,,,,,
St Asaph jnl.MSS,"journal of Lord St Asaph in Italy 1782-3; East Sussex RO, Lewes, Ashburnham MSS, ref.3995-4002",,4200,2092,,,,,,,,,
Salmon 1990,"F. Salmon, ‘British Architects and the Florentine Academy, 1753-1794’, Mitteilungen des Kunst.lnst.in Florenz, 34[1990]:199-214",,,,,,,,,,,,
Sani 1985,"B. Sani, Rosalba Carriera lettere, diari, frammenti [1985]",,4049,2019,,,,,,,,,
Sani 1988,"B. Sani, Rosalba Carriera [catalogo] [1988]",,"4049, 4809",4632,,,,,,,,,
Scholes 1948,"P.A. Scholes, The Great Doctor Burney, 2 vols. [1948]",,,,,,,,,,,,
Scots Charta Chest,"Curiosities of a Scots Charta Chest 1600-1800, with the Travels and Memoranda of Sir Alexander Dick, Baronet of Prestonfield, Midlothian, Written by Himself, ed. Hon.Mrs Atholl Forbes [1897] (original MSS in the Pierpont Morgan Lib., New York)",,"4403, 5020",,,,,,,,,,
Scots Coll.MSS,"papers from the Scots College, Rome; Scottish Catholic Archives, Colomba House, Edinburgh",,4613,,,,,,,,,,
Scott jnl MSS,"journal of Capt. Robert Scott of Rosebank in Italy 1786-7; NLS, MS 2893-5",,"3601, 4267",4118,,,,,,,,,
Seafield MSS,"SRO, GD 248 (some letters from the Abbé Grant pub. in W. Fraser, Chiefs of Grant [1882], 2:533-58)",,,"534, 2187, 4055, 4150, 4174",,,,,,,,,
Shaftesbury 1988,"S. O’Connell, ‘Lord Shaftesbury in Naples 1711-13’, Wal.Soc., 53[1988]:149-219",,,640,,,,,,,,,
Sharpe jnl.MSS,"travel journal of Robert Sharpe 1700-02; BL, Sloane MS 1522",,,"1257, 2654, 3589, 3988, 4145, 4315, 5241",,,,,,,,,
Shrewsbury Jnl.,"‘A Journal by his Grace Charles, Duke of Shrewsbury, from November the 1st, 1700, when his Grace left England, to January the 7th, 1706 [n.s,], when he landed at Deptford’, HMC Buccleuch (Montagu Ho.), 2ii[1903]:746-99",,"835, 1226, 1494, 1599, 1916, 2870, 4091, 4826","472, 485, 701, 706, 1155, 1315, 1661, 1997, 2019, 2438, 2580, 3070, 3874, 4013, 4160, 4183, 4716, 4912, 5039, 5077, 5272",,,,,,,,,
Sinclair jnl.MSS,"travel journals of George Sinclair of Ulbster 1737-8; NLS, Sinclair of Ulbster MSS 2143-5",,"227, 497, 583, 1224, 2818, 3502, 4366, 5059, ","593, 711, 2750, 2945, 4294, 4465, 4986, 5286",,,,,,,,,
Skelton 1960,"R.B. Ford, ‘The Letters of Jonathan Skelton from Rome and Tivoli in 1758’, Wal.Soc., 36 [1960]:23-84",,1871,,,,,,,,,,
Skelton List,"S. Rowland Pierce, ‘Jonathan Skelton and his Water Colours’, Wal.Soc., 36[1960]:10-22",,,,,,,,,,,,
"Skinner, Scots in Italy","B. Skinner, Scots in Italy in the 18th century [1966]",,"3112, 3994","775, 2019",,,,,,,,,
Skippe MSS,"notebooks, accounts and letters of John Skippe; priv.coll. [1961]",,,,,,,,,,,,
"Sloan, Cozens","K. Sloan, Alexander and John Robert Cozens [1986]",,,,,,,,,,,,
"Soane, Memoirs","J. Soane, Memoirs of the professional life of an Architect between the Years 1768 and 1835 [1835]",,,,,,,,,,,,
SP 79/6-8,"State Papers Foreign, PRO correspondence of British representatives in Italy, Genoa 1710-18",,,2444,,,,,,,,,
SP 85/13,"State Papers Foreign, PRO correspondence of British representatives in Italy, Rome 1690-1773 (misc.)",,,,,,,,,,,,
SP 85/14-16,"State Papers Foreign, PRO correspondence of British representatives in Italy, Rome 1722-9",,"484, 570, 824, 1608, 1725, 1884, 1885, 2143, 2614, 2745, 3098, 3235, 3244, 3245.1, 3245.2, 3348, 3367, 3529, 3837, 3975, 4144, 4218, 4362, 4487.1, 4487.2, 4763, 4971, 5019, 5273","62, 496, 774, 856, 1025, 1038, 1175, 1663, 1669, 1724, 1976, 2019, 2237, 2483, 2541, 2676, 2790, 2866, 2894, 3008, 3081, 3137, 3346, 3861, 3987, 3991, 3997, 4321, 4521, 4618, 4960, 5050, 5209",,,,,,,,,
SP 92/27-32,"State Papers Foreign, PRO correspondence of British representatives in Italy, Turin 1706-27",,"94, 3832","1111, 2331",,,,,,,,,
SP 92/37,"State Papers Foreign, PRO correspondence of British representatives in Italy, Turin 1734",,,,,,,,,,,,
SP 92/39,"State Papers Foreign, PRO correspondence of British representatives in Italy, Turin 1735",,,,,,,,,,,,
SP 93/3-6,"State Papers Foreign, PRO correspondence of British representatives in Italy, Naples 1684-1733",,999,,,,,,,,,,
SP 93/9-15,"State Papers Foreign, PRO correspondence of British representatives in Italy, Naples 1734-57",,987,"800, 1756, 2603, 3255, 3385, 3785, 3824",,,,,,,,,
SP 93/19-31,"State Papers Foreign, PRO correspondence of British representatives in Italy, Naples 1761-79",,3435,"3030, 3046, 3403, 3716",,,,,,,,,
SP 93/32,"State Papers Foreign, PRO correspondence of British representatives in Italy, Naples 1621-1777 (misc.)",,,2861,,,,,,,,,
SP 98/19-37,"State Papers Foreign, PRO correspondence of British representatives in Italy, Florence 1700-36",,"484, 1002, 1606, 2063, 2881, 3085, 3408, 4468, 4650, 4777, 5069, 5071, 5248, 5273","10, 62, 67, 127, 444, 651, 737, 771, 775, 788, 1146, 1195, 1575, 1596, 1602, 1609, 1701, 1840, 1959, 2153, 2538, 2717, 2789, 2857, 3211, 3298, 3342, 3506, 3599, 3625, 3653, 3693, 3703, 4183, 4557, 4591, 4711, 4870, 5188",,,,,,,,,
SP 98/39-46,"State Papers Foreign, PRO correspondence of British representatives in Italy, Florence 1736-46",,"1500, 1741, 1810, 5175","2670, 3524, 4663, 4665",,,,,,,,,
SP 99/57-S3,"State Papers Foreign, PRO correspondence of British representatives in Italy, Venice 1701-40",,"432, 572, 629, 1205, 2900, 2913, 2996, 3505, 4345, 4962, 5036","62, 131, 215, 388, 1101, 1780, 1808, 1811, 1887, 1936, 2031, 2226, 2741, 2907, 2990, 3060, 3103, 3107, 3342, 3531, 3663, 3766, 3819, 3917, 4192, 4430, 4618, 4752, 4965, 5039, 5062",,,,,,,,,
SP 105/281-283,"State Papers Foreign, PRO correspondence of British representatives in Italy, letters to Horace Mann in Florence 1737-45",,,"50, 1735, 3228",,,,,,,,,
SP 105/309-321,"State Papers Foreign, PRO correspondence of British representatives in Italy, letters to Horace Mann in Florence 1748-72",,"2155, 2222.1, 2222.2, 2949, 3153, 3670, 3892.1, 3892.2, 4023, 4437","233, 236, 476, 724, 1101, 1209, 1258, 1324, 1858, 2197, 2331, 3092, 3585, 3869, 3897, 4164, 4835, 5070",,,,,,,,,
Spence Letters,"Joseph Spence: Letters from the Grand Tour, ed. S. Klima [1975]",,"1373, 4318, 4785","95, 223, 304, 346, 463, 1193, 1344, 1519, 1607, 1681, 1793, 1877, 2233, 2587, 2645, 2749, 2798, 2827, 3042, 3275, 3716, 3920, 4316, 4361, 4391, 4842, 4879, 4939, 5181, 5199, 5209",,,,,,,,,
Spence Anecdotes,"Joseph Spence, Observations, Anecdotes and Characters of Books and Men, Collected from Conversation, ed. J.M. Osborn [1966]",,4879,1793,,,,,,,,,
Stanley jnls.MSS,"extracts from journals and recollections of John Thomas Stanley, from 1781; John Rylands Lib., Manchester, Eng.MS 722",,,,,,,,,,,,
"Starke, Travels","Mariana Starke, Travels in Italy between the years 1792 and 1798 containing a view of the late Revolution in that country ..., 2 vols. [1802]",,,,,,,,,,,,
Sterne Letters,"Letters of Laurence Sterne, ed. L.P. Curtis [1935]",,4876,,,,,,,,,,
"Stirling, Coke of Norfolk","A.M.W. Stirling, Coke of Norfolk and his Friends, 2 vols. [1908]",,4096,,,,,,,,,,
"Storia Patria, 4-2",MSS. Storia Patria 726: Cerimoniali della Real Corte di Savoia; BRT; del Robbio 1699-1709,,,,,,,,,,,,
"Storia Patria, 5",MSS. Storia Patria 726: Cerimoniali della Real Corte di Savoia; BRT; del Torino 1702-13,,,,,,,,,,,,
"Storia Patria, 7-1",MSS. Storia Patria 726: Cerimoniali della Real Corte di Savoia; BRT; del Salmatoris 1738-43,,3327,,,,,,,,,,
"Storia Patria, 7-4",MSS. Storia Patria 726: Cerimoniali della Real Corte di Savoia; BRT; del Salmatoris 1753-9,,,,,,,,,,,,
"Storia Patria, 8-1",MSS. Storia Patria 726: Cerimoniali della Real Corte di Savoia; BRT; del Piozzo 1759-62,,,,,,,,,,,,
"Storia Patria, 8-2",MSS. Storia Patria 726: Cerimoniali della Real Corte di Savoia; BRT; del Piozzo 1763-6,,,,,,,,,,,,
"Storia Patria, 9-4",MSS. Storia Patria 726: Cerimoniali della Real Corte di Savoia; BRT; del Cravetta di Villanovetta 1784-90,,,,,,,,,,,,
"Storia Patria, 10-1",MSS. Storia Patria 726: Cerimoniali della Real Corte di Savoia; BRT; del Bernezzo 1784-6,,,914,,,,,,,,,
Strickland 1913,"W. Strickland, A Dictionary of Irish Artists, 2 vols. [1913]",,"1192, 1354, 1645, 1782, 1912, 2492, 3125, 4831, 5140",,,,,,,,,,
Stuart-Wortley MSS,"Clare Stuart-Wortley, ‘Data from the Stuart Papers at Windsor dealing with the portraits of the Royal Stuarts, 1717-34’, typescript in RBF",,,1956,,,,,,,,,
Sutton 1956,"D. Sutton, ‘The Roman Caricatures of Reynolds’, Country Life Annual 1956, 113-16",,,,,,,,,,,,
Swinburne MSS,"Northumb.RO, Newcastle",,,,,,,,,,,,
"Swinburne, Courts","H. Swinburne, The Courts of Europe at the close of the last century, ed. C. White, 2 vols. [1841]",,"221, 1403, 4446, 4480","1213, 3376, 3388, 4506",,,,,,,,,
Talman letters MSS,"letters from John Talman in Italy, March 1708-April 1712; Bodl., MS Eng.lett.e.34 [to be pub. by the Wal.Soc.]",423,,1858,,,,,,,,,
Tatham letters MSS,"letters from C.H. Tatham and Richard Westmacott in Italy 1794-6 to Henry Holland; VAM, Department of Prints and Drawings, D.1479.3/4/8/13/14/18/20/21/ and 23-29 (copies in the Soane Museum; extracts published in Jenkins 1913, 503-10)",,,,,,,,,,,,
Tayler 1938,"H. Tayler ed., ‘The Jacobite Court at Rome in 1719 from original documents at Fettercairn House and at Windsor Castle’, Scots.Hist.Soc., 3 ser., 31[1938]",3764,"779, 1920","1784, 4717",,,,,,,,,
Tayler 1939,"A. and H. Tayler, Stuart Papers at Windsor [1939]",,,1892,,,,,,,,,
Tayler 1941,"H. Tayler, Jacobite Epilogue, a further selection of letters from Jacobites among the Stuart Papers at Windsor [1941]",,"1920, 3093, 3498",,,,,,,,,,
Taylor Papers,"The Taylor Papers being a record of certain reminiscences, letters and journals in the life of Lieut. Gen. Sir Herbert Taylor ..., ed. E, Taylor [1913]",,,"3599, 4668",,,,,,,,,
Theed letters MSS,"letters from William Theed in Italy 1790-95; BL, Add.53790 and one (Rome, 18 Jul.1792) in a priv.coll.",,3758,,,,,,,,,,
Thomas letters MSS,"letters from Edward Thomas in Italy 1750-51 to Dr Jeremiah Milles; BL, Add.19941,ff.1-39",,4729,,,,,,,,,,
Thomson letters MSS,"letters from James Thomson, Roman agent for the Scottish Catholic mission in Rome 1782-92; Scottish Catholic Archives, Edinburgh, Blairs letters, BL3/397/1-10",,,5025,,,,,,,,,
Thorpe letters MSS,"letters 1768-91 from Father John Thorpe in Rome to the 8th Baron Arnndell; Wilts CRO, Trowbridge, Arnndell MSS, 2667",,"2353, 3073, 4428, 4760, 4765, 5153","425, 1649.1, 1649.2, 3566, 3716, 4595, 4990, 5258",,,,,,,,,
Thorpe letters MSS*,"letters 1767-81 from Father John Thorpe in Rome to the 8th Baron Arnndell; Clifford of Chudleigh MSS, priv. coll.",,"2862, 4444, 4760","1253, 1877, 2866, 3139",,,,,,,,,
Thorpe list MSS,"MS list of pictures sent to Wardour Castle from Italy by Father John Thorpe, May 1770-November 1776; Arundell MSS, Wilts CRO, Trowbridge, 2667",,,,,,,,,,,,
Thraliana,"Thraliana, The Diary of Mrs Hester Lynch Piozzi 1776-1809, ed. K.C. Balderston, 2 vols. [1942]",,,1939,,,,,,,,,
Townley MSS,"papers of Charles Townley (corr., accts., etc.); BL (unsorted 1995)",,"2680, 3852","1411, 3661, 3868, 4630",,,,,,,,,
Treasure Houses,"The Treasure Houses of Britain, exh.cat, Washington [1965]",,,,,,,,,,,,
Turner letters MSS,"letters from Sir Gregory Page Turner in Italy 1768 to his uncle James Leigh; Stratford upon Avon, Leigh Muniments",2903,4864,,,,,,,,,,
Vases and Volcanoes,"I. Jenkins and K. Sloan, Vases and Volcanoes, Sir William Hamilton and his Collection, exh.cat. BM [1996]",,,,,,,,,,,,
Venn,"J. Venn, Alumni Cantabrigienses, 4 vols. [1922-27]",3446,547,,,,,,,,,,
"Verri, Cart.","Lettere e scritti inediti di Pietro e Alessandro Verri, ed. C. Casati [Milan 1879-81]",,5031,3503,,,,,,,,,
"Vertue, 3:","G, Vertue, Note Books, vol.III; Wal.Soc., 22[1934]",,738,,,,,,,,,,
"Vertue, 4:","G, Vertue, Note Books, vol.IV, Wal.Soc., 24[1936]",,,,,,,,,,,,
"Vertue, 5:","G, Vertue, Note Books, vol.V, Wal.Soc., 26[1938]",,,,,,,,,,,,
Verulam 1935,"Countess of Verulam, ‘James Bucknall, Third Viscount Grimston', St Albans and Herts Architectural and Archaeological Soc.Trans. [1935]",,,,,,,,,,,,
Villiers jnl.MSS,"travel diary of Lord Villiers in Italy 1755-6; Greater London RO, acc.510/254",,4931,,,,,,,,,,
Volpicella,"L. Volpicella, I Libri dei Cerimoniali della Republica di Genova [1921]",,,,,,,,,,,,
Voltaire 1967,"G. de Beer and A.-M. Rousseau ed., ‘Voltaire’s British Visitors’, Studies on Voltaire and the Eighteenth Century, 49[1967]",,,,,,,,,,,,
Waagen,"G.F, Waagen, Treasures of Art in Great Britain, 3 vols, [1854]",,,,,,,,,,,,
"Walpole, Anecdotes, 2:","Anecdotes of Painting in England ... collected by Horace Walpole, ed. R.W. Wornum, 3 vols. [1888]",,,,,,,,,,,,
"Walpole, Anecdotes, 5:","EW. Hilles and P.B. Daghlian ed., Anecdotes of Painting in England...collected by Horace Walpole...volume the fifth and last [1937]",,,,,,,,,,,,
Wal.Corr.,"Horace Walpole’s Correspondence, ed. W.S. Lewis, 43 vols. + 5 vols, index [1937-83]","1345, 1397, 1411, 5225","103, 252, 379, 772, 795, 903, 1022, 1702, 1943, 1954, 2138, 2407, 3303, 3492, 3573, 4024, 4068, 4589, 4808, 4840","234, 387, 640, 1411, 1428, 1862.1, 1862.2, 1910, 1999, 2572, 3054, 3297, 4538, 4853, 5225",,,,,,,,,
Wal.Soc.,The Walpole Society,,,,,,,,,,,,
Waterhouse 1954,"E.K. Waterhouse, ‘The British Contribution to the Neo-Classical style in Painting’, Proceedings of the British Academy, 40 [1954]:57-74",,,,,,,,,,,,
Waterhouse 1981,"E.K. Waterhouse, Dictionary of British 18th Century Painters [1981]",,,,,,,,,,,,
Waterhouse 1994,"E.K. Waterhouse, Painting in Britain 1530-1790, 5th ed.",,,,,,,,,,,,
Waters letters MSS,"letters to the Abbé Walker principally from Dom.Placid Waters in Rome 1779-91; Lille, archives du nord, 18 H67",,5006,,,,,,,,,,
Waters jnl.MSS,"journal of George Waters in Italy 1710-11 with John Bellings; John Rylands Lib., Manchester, Eng. MS 1153 (Bellings MSS)",,"353, 1336","15, 62, 729, 887, 1455, 2595, 2645, 2671, 2817, 3145, 3524, 3820, 4716, 5085",,,,,,,,,
"Watkins, Letters","Thomas Watkins, Travels through Swisserland, Italy, Sicily, the Greek Islands, to Constantinople; through part of Greece, Ragusa, and the Dalmatian Isles; In a Series of Letters to Pennoyre Watkins Esq. from Thomas Watkins, A.M. in the Years 1787, 1788, 1789, 2 vols. [1792]",,"5009, 5091",,,,,,,,,,
Wedgwood Letters,"A. Finer and G. Savage, ed., The Selected Letters of Josiah Wedgwood [1965]",,,,,,,,,,,,
Weld MSS,"Dorset RO, Dorchester",,,,,,,,,,,,
Wharton letters MSS,"correspondence of Robert Wharton, principally letters from him in Italy 27 October 1775-17 May 1776; Durham U. Lib., Wharton MSS",,5089,,,,,,,,,,
Whitley MSS,papers of W.T. Whitley; BMPL,,,,,,,,,,,,
Whitley 1928,"W.T. Whitley, Artists and their Friends in England 1700-1799, 2 vols. [1928]",,,,,,,,,,,,
Whitley 1800-20,"W.T. Whitley, Art in England 1800-1820 [1928]",,,,,,,,,,,,
Whitley 1821-37,"W.T. Whitley, Art in England 1821-37 [1928]",,,,,,,,,,,,
Wicklow MSS,"correspondence of Ralph Howard, Vct Wicklow; NLI, PC 227",,,"345, 4348, 5007",,,,,,,,,
Wilkes Corr.,"The Correspondence of John Wilkes [with] Memoirs of his Life by John Almon, 5 vols. [1805]",,,,,,,,,,,,
Winchilsea letters MSS,"letters from Lord Winchilsea in Italy 1772-3 to his mother Lady Charlotte Finch; Leics RO, Leicester, Finch MSS",,"4525, 5029","3247, 4149, 4235",,,,,,,,,
Winckelmann 1898,"C. Justi, Winckelmann und seine Zeitgenossen, 3 vols. [1898]",,,,,,,,,,,,
Winckelmann Briefe,"W. Rehm and H. Diepolder ed., Johann Joachim Winckelmann Briefe, 4 vols. [1952-7]",,,,,,,,,,,,
Worsley MSS,"Lines Archives, Lincoln",,,,,,,,,,,,
Wrest Park MSS,"letters from Earl Harrold and J. Gerrard in Italy 1715-16 to the Duke of Kent; Beds. RO, Bedford, L30/8/28 (Gerrard), L/30/8/33 (Harrold)",,,,,,,,,,,,
Wynn disbursements MSS,"‘Expenses & Disbursements in Sr Watkins [Sir Watkin Williams Wynn] Expedition into foreign parts’ [1768-69]; NLW, Wynnstay MSS, box 115/1",,,4520,,,,,,,,,
Wynne 1990,"M. Wynne, ‘Members from Great Britain and Ireland of the Florentine Accademia del Disegno 1700-1825', Burl.Mag., 132[1990]:535-8",,,"2094, 3016",,,,,,,,,
Wynne Diaries,"The Wynne Diaries, ed. A. Fremantle, 3 vols.; 1 1789-94 [1935]; 2 1794-98 [1937]; 3 1798-1820 [1940]",,"332, 4964, 5210","309, 1482, 2019, 2701",,,,,,,,,
Yorkshire Houses,"Masterpieces from Yorkshire Houses, exh.cat., York [1994]",,,,,,,,,,,,
Young notebk.MSS,"Sir William Young, MS Notebook, Reminiscences... (priv. coll.)",,3345,,,,,,,,,,
"Young, Travels","Arthur Young, Travels, During The Years 1787, 1788, and 1789 [Everyman ed. 1927]",,5281,"2141, 2271, 2785, 4151",,,,,,,,,